0,0,0,0.7,0
0.001,0.0,0.028061198569376774,0.6984416240356071,28.285688157931787
0.002,2.8061198569376773e-05,0.0560429798155781,0.6968860867031093,28.162031539306916
0.003,8.410417838495487e-05,0.08394588034674634,0.6953333747928504,28.0392452116715
0.004,0.00016805005873170122,0.11177043158308134,0.6937834752058923,27.91732038971646
0.005,0.00027982049031478255,0.1395171598261588,0.6922363749526989,27.79624840649257
0.006,0.0004193376501409414,0.1671865863270877,0.6906920611518399,27.676020711411276
0.007,0.0005865242364680291,0.19477922735352962,0.6891505210287153,27.55662886828604
0.008,0.0007813034638215588,0.22229559425560377,0.6876117419142981,27.438064553413277
0.009000000000000001,0.0010035990580771624,0.2497361935306992,0.6860757112438969,27.320319553692194
0.010000000000000002,0.0012533352516078617,0.2771015268872165,0.6845424165559373,27.20338576478207
0.011000000000000003,0.0015304367784950781,0.30439209130726047,0.6830118454907615,27.08725518929675
0.012000000000000004,0.0018348288698023386,0.331608379108304,0.6814839857894459,26.97191993503503
0.013000000000000005,0.0021664372489106428,0.35875087800384414,0.6799588252926363,26.85737221324613
0.014000000000000005,0.002525188126914487,0.38582007116307,0.6784363519394009,26.743604336929728
0.015000000000000006,0.002911008198077557,0.41281643726956146,0.6769165537661,26.630608719169516
0.016000000000000007,0.0033238246353471186,0.43974045057903877,0.6753994189052731,26.51837787149948
0.017000000000000008,0.003763565085926157,0.4665925809761802,0.6738849355845412,26.406904402302267
0.01800000000000001,0.004230157666902337,0.4933732940305271,0.672373092125527,26.296181015239014
0.01900000000000001,0.004723530960932865,0.520083051051493,0.6708638769427894,26.186200507709522
0.02000000000000001,0.005243614011984358,0.5467223091424951,0.6693572785427745,26.076955769342547
0.02100000000000001,0.005790336321126853,0.5732915212542243,0.6678532855227817,25.968439780515226
0.022000000000000013,0.0063636278423810765,0.5997911362370707,0.6663518865699445,25.860645610901067
0.023000000000000013,0.006963418978618147,0.6262215988927199,0.6648530704602269,25.753566418045928
0.024000000000000014,0.007589640577510867,0.6525833500249378,0.6633568260574334,25.647195445971235
0.025000000000000015,0.008242223927535805,0.6788768264895573,0.6618631423122338,25.541526023803875
0.026000000000000016,0.008921100754025362,0.7051024612436827,0.6603720082612015,25.436551564432268
0.027000000000000017,0.009626203215269045,0.7312606833941273,0.6588834130258664,25.33226556318776
0.028000000000000018,0.010357463898663172,0.7573519182450981,0.6573973458117804,25.228661596551312
0.02900000000000002,0.01111481581690827,0.7833765873451406,0.6559137959075969,25.125733320884134
0.03000000000000002,0.01189819240425341,0.8093351085333603,0.6544327526841627,25.023474471182602
0.03100000000000002,0.012707527512786771,0.8352278959849312,0.6529542055936232,24.92187885985615
0.03200000000000002,0.013542755408771702,0.8610553602559069,0.6514781441685401,24.820940375528302
0.03300000000000002,0.014403810769027608,0.8868179083273463,0.6500045580210215,24.72065298185975
0.03400000000000002,0.015290628677354954,0.9125159436487662,0.6485334368418639,24.621010716393535
0.035000000000000024,0.01620314462100372,0.9381498661809341,0.6470647703997063,24.522007689421365
0.036000000000000025,0.017141294487184655,0.9637200724380126,0.6455985485401963,24.42363808287094
0.037000000000000026,0.018105014559622667,0.9892269555290676,0.6441347611851675,24.325896149213825
0.03800000000000003,0.019094241515151735,1.0146709051989518,0.6426733983318285,24.22877621039318
0.03900000000000003,0.020108912420350688,1.0400523078685744,0.6412144500519623,24.132272656771153
0.04000000000000003,0.021148964728219262,1.0653715466745697,0.6397579064911383,24.036379946095465
0.04100000000000003,0.02221433627489383,1.090629001508373,0.6383037578679329,23.9410926024847
0.04200000000000003,0.023304965276402204,1.1158250490547164,0.6368519944731628,23.846405215432036
0.04300000000000003,0.02442079032545692,1.1409600628295546,0.6354026066691272,23.752312438826905
0.04400000000000003,0.025561750388286474,1.1660344132174303,0.6339555848888614,23.6588089899942
0.04500000000000003,0.026727784801503902,1.1910484675082893,0.6325109196353996,23.56588964875087
0.046000000000000034,0.02791883326901219,1.2160025899337557,0.6310686014810482,23.47354925647921
0.047000000000000035,0.029134835858945947,1.2408971417028765,0.6296286210666683,23.381782715216794
0.048000000000000036,0.030375733000648823,1.2657324810373443,0.6281909691009687,23.290584986762475
0.04900000000000004,0.03164146548168617,1.2905089632062081,0.6267556363598076,23.199951091798347
0.05000000000000004,0.032931974444892376,1.3152269405600816,0.6253226136855035,23.1098761090271
0.05100000000000004,0.03424720138545246,1.3398867625648558,0.6238918919861559,23.020355174324607
0.05200000000000004,0.035587088148017317,1.3644887758349273,0.6224634622349746,22.93138347990746
0.05300000000000004,0.036951576923852245,1.3890333241659485,0.6210373154696176,22.84295627351491
0.05400000000000004,0.03834061024801819,1.413520748567109,0.6196134427915381,22.755068857605323
0.05500000000000004,0.0397541309965853,1.437951387292957,0.61819183536534,22.66771658856632
0.05600000000000004,0.041192082383878253,1.4623255758747662,0.6167724844181417,22.580894875938935
0.057000000000000044,0.04265440795975302,1.4866436471514592,0.6153553812389483,22.494599181654948
0.058000000000000045,0.04414105160690448,1.5109059313000928,0.6139405171780318,22.408825019287505
0.059000000000000045,0.04565195753820457,1.5351127558659123,0.6125278836463194,22.323567953314534
0.060000000000000046,0.04718707029407048,1.559264445791986,0.6111174721147898,22.23882359839492
0.06100000000000005,0.048746334739862465,1.5833613234484207,0.6097092741138774,22.15458761865687
0.06200000000000005,0.050329696063310884,1.6074037086611719,0.6083032812328834,22.07085572699863
0.06300000000000004,0.051937099771972056,1.6313919187404506,0.6068994851193953,21.98762368440085
0.06400000000000004,0.053568491690712504,1.655326268508736,0.6054978774787138,21.904887299250788
0.06500000000000004,0.05522381795922124,1.6792070703284,0.604098450073286,21.822642426677863
0.06600000000000004,0.056903025029549636,1.703034634128951,0.6027011947221471,21.740884967900357
0.06700000000000005,0.058606059663678586,1.7268092674339004,0.6013061033003682,21.65961086958319
0.06800000000000005,0.060332868931112484,1.7505312753872628,0.5999131677385114,21.578816123206394
0.06900000000000005,0.062083400206499745,1.7742009607796914,0.5985223800220921,21.498496764444127
0.07000000000000005,0.06385760116727944,1.7978186240742573,0.5971337321910473,21.418648872554094
0.07100000000000005,0.0656554197913537,1.8213845634318782,0.595747216339211,21.33926856977701
0.07200000000000005,0.06747680435478558,1.8448990747364011,0.5943628246137965,21.260352020746062
0.07300000000000005,0.06932170342952197,1.8683624516193473,0.5929805492148842,21.181895431906234
0.07400000000000005,0.07119006588114132,1.8917749854843209,0.5916003823949166,21.103895050942928
0.07500000000000005,0.07308184086662564,1.9151369655310913,0.5902223164581993,21.026347166220262
0.07600000000000005,0.07499697783215674,1.9384486787793511,0.5888463437604079,20.949248106228396
0.07700000000000005,0.07693542651093609,1.9617104100921574,0.587472456708101,20.872594239039877
0.07800000000000006,0.07889713692102825,1.984922442199059,0.5861006477582398,20.79638197177495
0.07900000000000006,0.0808820593632273,2.0080850557189174,0.5847309094177127,20.72060775007544
0.08000000000000006,0.08289014441894622,2.0311985291824235,0.5833632342428662,20.645268057587224
0.08100000000000006,0.08492134294812864,2.0542631390543193,0.5819976148390414,20.57035941545106
0.08200000000000006,0.08697560608718297,2.0772791597553226,0.5806340438601164,20.49587838180154
0.08300000000000006,0.08905288524693829,2.100246863683767,0.5792725140080532,20.421821551274206
0.08400000000000006,0.09115313211062205,2.123166521236956,0.5779130180324519,20.34818555452045
0.08500000000000006,0.093276298631859,2.1460384008322393,0.576555548730108,20.27496705773028
0.08600000000000006,0.09542233703269125,2.168862768927812,0.575200098944577,20.202162762162576
0.08700000000000006,0.09759119980161907,2.1916398900432466,0.5738466615657433,20.12976940368286
0.08800000000000006,0.09978283969166231,2.2143700267797564,0.5724952295293939,20.057783752308424
0.08900000000000007,0.10199720971844206,2.237053439840197,0.5711457958167981,19.98620261176058
0.09000000000000007,0.10423426315828226,2.259690388048812,0.5697983534542915,19.915022819023985
0.09100000000000007,0.10649395354633107,2.2822811283707223,0.5684528955128649,19.844241243913007
0.09200000000000007,0.1087762346747018,2.3048259159311653,0.5671094151077587,19.773854788644613
0.09300000000000007,0.11108106059063295,2.327325004034492,0.5657679053980611,19.70386038741826
0.09400000000000007,0.11340838559466744,2.3497786441829174,0.5644283595863122,19.634255006002093
0.09500000000000007,0.11575816423885035,2.3721870860950345,0.5630907709181115,19.565035641325736
0.09600000000000007,0.11813035132494538,2.3945505777240936,0.5617551326817309,19.496199321079278
0.09700000000000007,0.12052490190266948,2.4168693652760505,0.5604214382077318,19.42774310331854
0.09800000000000007,0.12294177126794553,2.4391436932273853,0.5590896808685866,19.359664076076392
0.09900000000000007,0.12538091496117293,2.461373804342701,0.5577598540783048,19.291959356980094
0.10000000000000007,0.12784228876551562,2.483559939692096,0.5564319512920634,19.22462609287446
0.10100000000000008,0.13032584870520772,2.5057023386683257,0.5551059660058413,19.157661459450793
0.10200000000000008,0.13283155104387603,2.5278012390037423,0.5537818917560583,19.09106266088155
0.10300000000000008,0.13535935228287976,2.5498568767870324,0.5524597221192178,19.024826929460502
0.10400000000000008,0.13790920915966678,2.5718694864797396,0.5511394507115538,18.958951525248352
0.10500000000000008,0.14048107864614653,2.5938393009325877,0.5498210711886822,18.8934337357238
0.10600000000000008,0.14307491794707913,2.6157665514015997,0.5485045772452554,18.828270875439774
0.10700000000000008,0.14569068449848074,2.637651467564019,0.5471899626146214,18.763460285684992
0.10800000000000008,0.14832833596604475,2.6594942775340367,0.5458772210684867,18.698999334150347
0.10900000000000008,0.15098783024357879,2.6812952078783243,0.5445663464165826,18.634885414600678
0.11000000000000008,0.1536691254514571,2.703054483631378,0.5432573325063358,18.571115946551053
0.11100000000000008,0.15637217993508848,2.7247723283106757,0.5419501732225419,18.507688374948184
0.11200000000000009,0.15909695226339915,2.7464489639316514,0.5406448624870437,18.44460016985636
0.11300000000000009,0.1618434012273308,2.768084611022485,0.539341394258412,18.38184882614824
0.11400000000000009,0.16461148583835328,2.789679488638718,0.5380397625316307,18.31943186320008
0.11500000000000009,0.167401165326992,2.8112338143776885,0.5367399613377848,18.25734682459146
0.11600000000000009,0.1702123991413697,2.832747804392797,0.5354419847437526,18.19559127780959
0.11700000000000009,0.1730451469457625,2.8542216734075985,0.5341458268519006,18.13416281395771
0.11800000000000009,0.1758993686191701,2.875655634729726,0.5328514817997819,18.073059047468075
0.11900000000000009,0.17877502425389982,2.8970499002646526,0.5315589437598385,18.012277615818768
0.12000000000000009,0.18167207415416448,2.9184046805292816,0.5302682069391058,17.95181617925501
0.1210000000000001,0.18459047883469376,2.939720184665385,0.5289792655789216,17.891672420514247
0.1220000000000001,0.18753019901935913,2.9609966204528764,0.5276921139546372,17.831844044555393
0.1230000000000001,0.190491195639812,2.9822341943229294,0.5264067463753322,17.77232877829187
0.1240000000000001,0.19347342983413493,3.0034331113709434,0.5251231571835324,17.713124370328625
0.12500000000000008,0.19647686294550587,3.0245935753693542,0.5238413407549303,17.654228590702818
0.12600000000000008,0.19950145652087523,3.0457157887802984,0.5225612914981093,17.595639230628358
0.12700000000000009,0.20254717230965552,3.0667999527681253,0.5212830038542702,17.537354102243967
0.12800000000000009,0.20561397226242364,3.0878462672117686,0.5200064722969614,17.479371038364924
0.1290000000000001,0.2087018185296354,3.1088549307169693,0.5187316913318111,17.421687892238385
0.1300000000000001,0.21181067346035237,3.129826140628362,0.5174586554962629,17.3643025373021
0.1310000000000001,0.21494049960098074,3.150760093041417,0.5161873593593146,17.30721286694658
0.1320000000000001,0.21809125969402215,3.171656982814248,0.5149177975212587,17.250416794280653
0.1330000000000001,0.2212629166768364,3.192517003579284,0.5136499646134266,17.193912251900368
0.1340000000000001,0.22445543368041568,3.213340347754806,0.5123838552979354,17.13769719166106
0.1350000000000001,0.22766877402817048,3.2341272065563516,0.5111194642674367,17.08176958445266
0.1360000000000001,0.23090290123472684,3.2548777700079916,0.5098567862448687,17.026127419978224
0.1370000000000001,0.23415777900473483,3.275592226953478,0.5085958159832111,16.970768706535395
0.1380000000000001,0.2374333712316883,3.296270765067263,0.5073365482652415,16.915691470801207
0.1390000000000001,0.24072964199675556,3.3169135708653976,0.5060789779032957,16.860893757619465
0.1400000000000001,0.24404655556762095,3.3375208297163024,0.5048230997390295,16.80637362979152
0.1410000000000001,0.24738407639733725,3.3580927258514217,0.5035689086431834,16.752129167869587
0.1420000000000001,0.2507421691231887,3.3786294423757557,0.5023163995153497,16.698158469953214
0.1430000000000001,0.25412079856556447,3.3991311612782744,0.5010655672837421,16.644459651488244
0.1440000000000001,0.25751992972684273,3.419598063442217,0.49981640690496737,16.591030845068865
0.1450000000000001,0.26093952779028495,3.4400303286552747,0.4985689133637998,16.537870200242146
0.1460000000000001,0.2643795581189402,3.4604281356196624,0.4973230816729577,16.48497588331538
0.1470000000000001,0.26783998625455985,3.480791661962076,0.49607890687288203,16.43234607716593
0.1480000000000001,0.2713207779165219,3.5011210842435423,0.494836384031518,16.37997898105384
0.1490000000000001,0.2748218990007655,3.52141657796916,0.49359550824409787,16.327872810436883
0.1500000000000001,0.27834331557873465,3.5416783175977313,0.4923562746329271,16.276025796788048
0.1510000000000001,0.28188499389633237,3.5619064765512913,0.49111867834717154,16.224436187415737
0.1520000000000001,0.28544690037288367,3.5821012272245296,0.4898827145626478,16.17310224528611
0.1530000000000001,0.2890290016001082,3.602262740994112,0.4886483784816151,16.122022248848037
0.1540000000000001,0.2926312643411023,3.622391188227899,0.48741566533256925,16.071194491860265
0.1550000000000001,0.2962536555293302,3.642486738294065,0.4861845703700392,16.020617283221007
0.1560000000000001,0.2998961422676243,3.662549559570118,0.48495508887438504,15.970288946799766
0.1570000000000001,0.3035586918271944,3.682579819451824,0.4837272161515984,15.92020782127135
0.1580000000000001,0.3072412716466462,3.7025776843620317,0.4825009475331048,15.870372259952191
0.1590000000000001,0.31094384933100827,3.722543319759405,0.4812762783755677,15.820780630638826
0.16000000000000011,0.3146663926507677,3.742476890147062,0.480053204060695,15.771431315448442
0.16100000000000012,0.31840886954091474,3.7623785590811196,0.478831719995047,15.722322710661594
0.16200000000000012,0.32217124809999587,3.782248489179149,0.4776118216098464,15.673453226567057
0.16300000000000012,0.325953496589175,3.8020868421285394,0.4763935043607905,15.624821287308546
0.16400000000000012,0.3297555834313035,3.8218937786947764,0.47517676372786466,15.576425330733656
0.16500000000000012,0.3335774772099983,3.841669458729627,0.4739615952151582,15.528263808244613
0.16600000000000012,0.3374191466687279,3.861414041179245,0.47274799435068154,15.480335184651082
0.16700000000000012,0.34128056070990714,3.881127684092184,0.47153595668618575,15.432637938024905
0.16800000000000012,0.34516168839399936,3.900810544627333,0.47032547779698336,15.385170559556602
0.16900000000000012,0.3490624989386267,3.9204627790617637,0.4691165532817711,15.337931553413924
0.17000000000000012,0.35298296171768845,3.940084542798499,0.4679091787624544,15.290919436602056
0.17100000000000012,0.35692304626048693,3.9596759903741985,0.46670334988397366,15.244132738825801
0.17200000000000013,0.36088272225086115,3.9792372754667644,0.46549906231413196,15.19757000235337
0.17300000000000013,0.36486195952632794,3.99876855090287,0.4642963117434247,15.151229781882108
0.17400000000000013,0.3688607280772308,4.018269968665408,0.4630950938848707,15.105110644405784
0.17500000000000013,0.3728789980458962,4.037741679900866,0.46189540447384514,15.059211169083667
0.17600000000000013,0.37691673972579703,4.057183834926619,0.4606972392679139,15.013529947111298
0.17700000000000013,0.3809739235607236,4.076596583238154,0.45950059404666943,14.968065581592864
0.17800000000000013,0.3850505201439618,4.095980073516218,0.45830546461156857,14.92281668741516
0.17900000000000013,0.389146500217478,4.115334453633891,0.4571118467857715,14.877781891123309
0.18000000000000013,0.39326183467111187,4.134659870663591,0.4559197364139824,14.832959830797861
0.18100000000000013,0.39739649454177545,4.153956470884005,0.4547291293622918,14.788349155933595
0.18200000000000013,0.40155045101265946,4.173224399786947,0.45354002151802003,14.743948527319791
0.18300000000000013,0.4057236754124464,4.192463802084156,0.45235240878956245,14.699756616922022
0.18400000000000014,0.4099161392145306,4.211674821714014,0.45116628710623624,14.65577210776541
0.18500000000000014,0.4141278140362446,4.230857601848204,0.44998165241812815,14.611993693819397
0.18600000000000014,0.4183586716380928,4.250012284898299,0.44879850069594424,14.568420079883962
0.18700000000000014,0.4226086839229911,4.269139012522285,0.4476168279308607,14.525049981477142
0.18800000000000014,0.4268778229355134,4.288237925631017,0.4464366301343762,14.481882124724116
0.18900000000000014,0.4311660608611444,4.307309164394614,0.44525790333816534,14.438915246247575
0.19000000000000014,0.435473370025539,4.326352868248791,0.4440806435939341,14.396148093059486
0.19100000000000014,0.43979972289378777,4.345369175901122,0.44290484697327603,14.353579422454185
0.19200000000000014,0.4441450920696889,4.364358225337247,0.44173050956752985,14.311208001902795
0.19300000000000014,0.44850945029502615,4.383320153827017,0.44055762748763866,14.269032608948896
0.19400000000000014,0.4528927704488532,4.402255097930578,0.43938619686401037,14.227052031105654
0.19500000000000015,0.45729502554678375,4.421163193504391,0.43821621384637915,14.185265065753935
0.19600000000000015,0.46171618874028814,4.440044575707203,0.4370476746036685,14.143670520042
0.19700000000000015,0.4661562333159953,4.458899379005949,0.4358805753238553,14.102267210786092
0.19800000000000015,0.47061513269500127,4.477727737181603,0.4347149122138354,14.061053964372483
0.19900000000000015,0.47509286043218285,4.49652978333497,0.4335506814992901,14.020029616660587
0.20000000000000015,0.47958939021551783,4.515305649892425,0.4323878794245542,13.979193012887379
0.20100000000000015,0.4841046958654103,4.534055468611589,0.4312265022524849,13.938543007572772
0.20200000000000015,0.48863875133402185,4.55277937058696,0.43006654626433216,13.898078464426353
0.20300000000000015,0.4931915307046088,4.571477486255482,0.42890800775961024,13.857798256255073
0.20400000000000015,0.4977630081908643,4.5901499454020644,0.42775088305597014,13.817701264872188
0.20500000000000015,0.5023531581362664,4.608796877165049,0.4265951684890735,13.777786381007227
0.20600000000000016,0.5069619550134314,4.6274184100416225,0.4254408604124673,13.738052504217015
0.20700000000000016,0.5115893734234731,4.646014671893179,0.42428795519746026,13.698498542797859
0.20800000000000016,0.5162353880953663,4.664585789950634,0.4231364492329996,13.659123413698628
0.20900000000000016,0.520899973885317,4.683131890819681,0.42198633892554943,13.619926042435074
0.21000000000000016,0.5255831057761366,4.701653100486004,0.4208376206989702,13.580905363005034
0.21100000000000016,0.5302847588766226,4.720149544320444,0.41969029099439886,13.54206031780459
0.21200000000000016,0.5350049084209431,4.738621347084109,0.41854434627013065,13.503389857545438
0.21300000000000016,0.5397435297680272,4.757068632933441,0.4173997830015013,13.464892941173044
0.21400000000000016,0.5445005984009607,4.775491525425234,0.41625659768077095,13.426568535785762
0.21500000000000016,0.5492760899263859,4.793890147521607,0.41511478681700836,13.388415616555132
0.21600000000000016,0.5540699800739075,4.812264621594929,0.4139743469359769,13.350433166646784
0.21700000000000016,0.5588822446955024,4.830615069432701,0.4128352745800209,13.312620177142588
0.21800000000000017,0.5637128597649351,4.848941612242387,0.4116975663079535,13.27497564696344
0.21900000000000017,0.5685618013771775,4.867244370656208,0.41056121869494516,13.237498582793204
0.22000000000000017,0.5734290457478337,4.885523464735886,0.4094262283324132,13.200187999003358
0.22100000000000017,0.5783145692125696,4.903779013977349,0.4082925918279125,13.163042917578569
0.22200000000000017,0.583218348226547,4.922011137315388,0.4071603058050269,13.126062368043234
0.22300000000000017,0.5881403593638623,4.940219953128276,0.4060293669032617,13.08924538738869
0.22400000000000017,0.5930805793169907,4.958405579242342,0.4048997717779371,13.052591020001392
0.22500000000000017,0.598038984896233,4.9765681329365075,0.4037715171000825,13.016098317591922
0.22600000000000017,0.6030155530291694,4.994707730946774,0.40264459955633164,12.979766339124783
0.22700000000000017,0.6080102607601162,5.012824489470682,0.4015190158488189,12.94359415074898
0.22800000000000017,0.6130230852495869,5.030918524171716,0.4003947626950762,12.907580825729482
0.22900000000000018,0.6180540037737586,5.04898995018368,0.39927183682793105,12.871725444379331
0.23000000000000018,0.6231029937239423,5.067038882115033,0.39815023499540525,12.836027093992692
0.23100000000000018,0.6281700326060573,5.0850654340531785,0.39702995396061463,12.800484868778572
0.23200000000000018,0.6332550980401105,5.103069719568725,0.39591099050166956,12.765097869795284
0.23300000000000018,0.6383581677596792,5.121051851719703,0.3947933414115763,12.72986520488571
0.23400000000000018,0.643479219611399,5.1390119430557455,0.3936770034981393,12.694785988613257
0.23500000000000018,0.6486182315544547,5.156950105622232,0.3925619735838641,12.659859342198581
0.23600000000000018,0.653775181660077,5.174866450964397,0.3914482485058614,12.625084393457
0.23700000000000018,0.6589500481110414,5.192761090131403,0.39033582511575166,12.590460276736563
0.23800000000000018,0.6641428092011729,5.2106341336803705,0.3892247002795705,12.555986132856988
0.23900000000000018,0.6693534433348532,5.228485691680387,0.3881148708776752,12.521661109049063
0.24000000000000019,0.6745819290265337,5.2463158737164655,0.38700633380465166,12.487484358894871
0.2410000000000002,0.6798282449002502,5.26412478889348,0.38589908596922223,12.453455042268665
0.2420000000000002,0.6850923696891437,5.281912545840061,0.38479312429415446,12.41957232527838
0.2430000000000002,0.6903742822349838,5.29967925271246,0.38368844571617045,12.385835380207787
0.2440000000000002,0.6956739614876962,5.317425017198377,0.382585047185857,12.352243385459362
0.2450000000000002,0.7009913865048946,5.335149946520761,0.3814829256675766,12.318795525497695
0.2460000000000002,0.7063265364514153,5.352854147441573,0.3803820781393789,12.285490990793605
0.2470000000000002,0.7116793905988569,5.370537726265521,0.3792825015929135,12.252328977768762
0.2480000000000002,0.7170499283251224,5.388200788843757,0.3781841930333425,12.219308688741183
0.2490000000000002,0.7224381291139661,5.405843440577549,0.37708714947925476,12.186429331870949
0.25000000000000017,0.7278439725545437,5.423465786421917,0.37599136796258037,12.15369012110683
0.25100000000000017,0.7332674383409656,5.441067930889245,0.3748968455285059,12.121090276133351
0.25200000000000017,0.7387085062718549,5.458649978052852,0.3738035792353902,12.088629022318557
0.25300000000000017,0.7441671562499078,5.476212031550544,0.37271156615468126,12.056305590662104
0.25400000000000017,0.7496433682814584,5.493754194588127,0.3716208033708334,12.024119217744278
0.25500000000000017,0.7551371224760465,5.5112765699429005,0.3705312879812254,11.992069145675206
0.25600000000000017,0.7606483990459894,5.528779259967111,0.369443017096079,11.960154622044904
0.2570000000000002,0.7661771783059564,5.546262366591386,0.3683559878383784,11.928374899873734
0.2580000000000002,0.7717234406725478,5.563725991328134,0.36727019734379024,11.896729237563374
0.2590000000000002,0.777287166663876,5.581170235274917,0.36618564276058413,11.865216898848395
0.2600000000000002,0.7828683368991509,5.5985951991178,0.365102321249554,11.833837152748362
0.2610000000000002,0.7884669320982687,5.616000983134667,0.3640202299839401,11.802589273520365
0.2620000000000002,0.7940829330814033,5.633387687198511,0.3629393661493516,11.771472540612162
0.2630000000000002,0.7997163207686019,5.650755410780704,0.36185972694368956,11.74048623861578
0.2640000000000002,0.8053670761793826,5.668104252954227,0.36078130957707083,11.709629657221605
0.2650000000000002,0.8110351804323369,5.685434312396889,0.3597041112717526,11.678902091172958
0.2660000000000002,0.8167206147447338,5.702745687394509,0.35862812926205734,11.648302840221252
0.2670000000000002,0.8224233604321283,5.720038475844076,0.3575533607942983,11.617831209081425
0.2680000000000002,0.8281433989079724,5.737312775256886,0.35647980312670585,11.58748650738812
0.2690000000000002,0.8338807116832293,5.75456868276165,0.3554074535293543,11.557268049652073
0.2700000000000002,0.839635280365991,5.771806295107577,0.3543363092840894,11.52717515521714
0.2710000000000002,0.8454070866610985,5.789025708667438,0.35326636768445585,11.497207148217699
0.2720000000000002,0.851196112369766,5.806227019440599,0.3521976260356265,11.467363357536524
0.2730000000000002,0.8570023393892066,5.823410323056034,0.3511300816543309,11.437643116763073
0.2740000000000002,0.8628257497122626,5.840575714775314,0.3500637318687853,11.40804576415233
0.2750000000000002,0.8686663254270379,5.857723289495569,0.34899857401862266,11.378570642583869
0.2760000000000002,0.8745240487165334,5.874853141752433,0.34793460545482363,11.349217099521603
0.2770000000000002,0.8803989018582858,5.891965365722959,0.34687182353964763,11.31998448697372
0.2780000000000002,0.8862908672240088,5.909060055228519,0.34581022564656494,11.290872161453198
0.2790000000000002,0.8921999272792374,5.926137303737672,0.34474980916018894,11.261879483938706
0.2800000000000002,0.8981260645829751,5.94319720436902,0.3436905714762091,11.23300581983581
0.2810000000000002,0.904069261787344,5.960239849894033,0.34263251000132433,11.204250538938716
0.2820000000000002,0.9100295016372381,5.97726533273986,0.3415756221531771,11.17561301539238
0.2830000000000002,0.916006766969978,5.994273744992112,0.34051990536028776,11.147092627654875
0.2840000000000002,0.92200104071497,6.011265178397629,0.33946535706198955,11.118688758460404
0.2850000000000002,0.9280123058933677,6.028239724367221,0.3384119747083642,11.090400794782427
0.2860000000000002,0.9340405456177349,6.045197473978394,0.33735975576017785,11.062228127797379
0.2870000000000002,0.9400857430917132,6.062138517978048,0.3363086976888175,11.034170152848588
0.2880000000000002,0.9461478816096913,6.079062946785163,0.335258797976228,11.006226269410796
0.2890000000000002,0.9522269445564765,6.095970850493457,0.3342100541148495,10.978395881054695
0.2900000000000002,0.9583229154069699,6.112862318874033,0.33316246360755547,10.950678395412218
0.2910000000000002,0.9644357777258439,6.129737441377994,0.332116023967591,10.923073224141902
0.2920000000000002,0.9705655151672219,6.146596307139053,0.3310707327185118,10.895579782894714
0.2930000000000002,0.976712111474361,6.163439004976109,0.3300265873941234,10.868197491280249
0.2940000000000002,0.9828755504793371,6.18026562339582,0.32898358553842116,10.84092577283317
0.2950000000000002,0.9890558161027329,6.19707625059514,0.3279417247055304,10.813764054980144
0.2960000000000002,0.995252892353328,6.213870974463853,0.32690100245964715,10.78671176900691
0.2970000000000002,1.0014667633277918,6.230649882587074,0.3258614163749794,10.759768350025933
0.2980000000000002,1.0076974132103789,6.247413062247747,0.32482296403568867,10.732933236944135
0.2990000000000002,1.0139448262726267,6.264160600429111,0.323785643035832,10.706205872431113
0.3000000000000002,1.0202089868730557,6.280892583817159,0.32274945097930474,10.679585702887621
0.3010000000000002,1.0264898794568729,6.29760909880307,0.3217143854797831,10.653072178414366
0.3020000000000002,1.032787488555676,6.314310231485634,0.3206804441606678,10.626664752781183
0.3030000000000002,1.0391017987871616,6.330996067673648,0.3196476246550278,10.600362883396356
0.3040000000000002,1.0454327948548352,6.347666692888303,0.31861592460554433,10.574166031276459
0.3050000000000002,1.0517804615477235,6.364322192365556,0.31758534166445584,10.54807366101636
0.3060000000000002,1.058144783740089,6.380962651058475,0.31655587349350284,10.522085240759505
0.3070000000000002,1.0645257463911475,6.397588153639577,0.3155275177638734,10.496200242168648
0.3080000000000002,1.070923334544787,6.414198784503148,0.31450027215614895,10.470418140396685
0.3090000000000002,1.0773375333292903,6.430794627767539,0.31347413436025073,10.444738414057941
0.3100000000000002,1.0837683279570578,6.447375767277461,0.31244910207538623,10.419160545199588
0.3110000000000002,1.0902157037243352,6.46394228660625,0.3114251730099964,10.393684019273506
0.3120000000000002,1.0966796460109414,6.480494269058122,0.31040234488170304,10.368308325108279
0.3130000000000002,1.1031601402799995,6.497031797670412,0.30938061541725664,10.343032954881568
0.3140000000000002,1.10965717207767,6.513554955215802,0.30835998235248463,10.317857404092717
0.3150000000000002,1.1161707270328858,6.5300638242045235,0.30734044343224,10.292781171535594
0.3160000000000002,1.1227007908570903,6.546558486886559,0.30632199641035024,10.267803759271736
0.3170000000000002,1.1292473493439767,6.563039025253813,0.3053046390495667,10.242924672603815
0.3180000000000002,1.1358103883692305,6.579505521042284,0.3042883691215143,10.218143420049227
0.31900000000000023,1.1423898938902728,6.595958055734209,0.30327318440664175,10.193459513314075
0.32000000000000023,1.148985851946007,6.6123967105601995,0.30225908269417184,10.168872467267269
0.32100000000000023,1.1555982486565672,6.628821566501368,0.3012460617820523,10.144381799915042
0.32200000000000023,1.1622270702230686,6.645232704291429,0.3002341194769072,10.119987032375569
0.32300000000000023,1.16887230292736,6.661630204418795,0.2992232535939881,10.095687688853882
0.32400000000000023,1.175533933131779,6.6780141471286605,0.2982134619571262,10.071483296617082
0.32500000000000023,1.1822119472789077,6.69438461242506,0.2972047423986846,10.047373385969685
0.32600000000000023,1.1889063318913327,6.710741680072928,0.2961970927595106,10.023357490229316
0.32700000000000023,1.1956170735714056,6.727085429600136,0.29519051088888904,9.999435145702542
0.32800000000000024,1.2023441590010058,6.743415940299515,0.2941849946444951,9.975605891661012
0.32900000000000024,1.2090875749413053,6.759733291230877,0.29318054189234827,9.95186927031776
0.33000000000000024,1.215847308232536,6.776037561223011,0.2921771505067661,9.928224826803802
0.33100000000000024,1.222623345793759,6.792328828875668,0.2911748183703185,9.904672109144906
0.33200000000000024,1.2294156746226346,6.808607172561542,0.29017354337378226,9.8812106682386
0.33300000000000024,1.236224281795196,6.824872670428231,0.28917332341609614,9.857840057831421
0.33400000000000024,1.2430491544656244,6.841125400400186,0.2881741564043158,9.834559834496327
0.33500000000000024,1.2498902798660245,6.85736544018065,0.28717604025356974,9.811369557610385
0.33600000000000024,1.2567476453062052,6.873592867253586,0.2861789728870148,9.788268789332653
0.33700000000000024,1.2636212381734588,6.889807758885591,0.2851829522357926,9.765257094582225
0.33800000000000024,1.2705110459323445,6.906010192127798,0.28418797623898584,9.742334041016525
0.33900000000000025,1.2774170561244724,6.92220024381777,0.2831940428435753,9.719499199009867
0.34000000000000025,1.2843392563682903,6.9383779905813725,0.2822011500043968,9.696752141632045
0.34100000000000025,1.2912776343588717,6.954543508834652,0.2812092956840986,9.674092444627323
0.34200000000000025,1.2982321778677064,6.970696874785685,0.28021847785309917,9.651519686393497
0.34300000000000025,1.305202874742492,6.986838164436429,0.27922869448954524,9.629033447961184
0.34400000000000025,1.3121897129069284,7.002967453584554,0.2782399435792699,9.606633312973297
0.34500000000000025,1.319192680360513,7.019084817825268,0.27725222311575143,9.584318867664763
0.34600000000000025,1.3262117651783383,7.035190332553133,0.27626553110007207,9.562089700842348
0.34700000000000025,1.3332469555108915,7.051284072963862,0.27527986554087713,9.539945403864747
0.34800000000000025,1.3402982395838554,7.067366114056119,0.2742952244543346,9.517885570622798
0.34900000000000025,1.3473656056979115,7.083436530633292,0.2733116058640946,9.495909797519952
0.35000000000000026,1.354449042228545,7.099495397305272,0.2723290078012498,9.474017683452812
0.35100000000000026,1.3615485376258503,7.115542788490212,0.2713474283042954,9.452208829792
0.35200000000000026,1.3686640804143404,7.131578778416277,0.27036686541908983,9.430482840363034
0.35300000000000026,1.3757956591927567,7.147603441123389,0.2693873171988154,9.408839321427568
0.35400000000000026,1.38294326263388,7.163616850464952,0.2684087817039398,9.387277881664614
0.35500000000000026,1.390106879484345,7.179619080109583,0.267431257002177,9.365798132152086
0.35600000000000026,1.3972864985644546,7.1956102035428176,0.26645474116844936,9.344399686348456
0.35700000000000026,1.4044821087679975,7.211590294068817,0.26547923228484915,9.32308216007454
0.35800000000000026,1.4116936990620663,7.227559424812057,0.26450472844060097,9.30184517149554
0.35900000000000026,1.4189212584868784,7.243517668719019,0.26353122773202403,9.280688341103142
0.36000000000000026,1.4261647761555976,7.259465098559857,0.26255872826249493,9.259611291697912
0.36100000000000027,1.4334242412541573,7.275401786930072,0.26158722814241053,9.23861364837172
0.36200000000000027,1.4406996430410874,7.291327806252164,0.26061672548915127,9.217695038490387
0.36300000000000027,1.4479909708473395,7.30724322877728,0.2596472184270444,9.196855091676511
0.36400000000000027,1.4552982140761168,7.323148126586858,0.25867870508732793,9.176093439792405
0.36500000000000027,1.4626213622027038,7.339042571594253,0.25771118360811435,9.155409716923192
0.36600000000000027,1.469960404774298,7.354926635546362,0.2567446521343549,9.134803559360106
0.36700000000000027,1.4773153314098444,7.370800390025239,0.25577910881780397,9.114274605583889
0.36800000000000027,1.4846861317998696,7.386663906449698,0.2548145518169839,9.093822496248317
0.36900000000000027,1.4920727957063193,7.402517256076912,0.2538509792971498,9.073446874163984
0.3700000000000003,1.4994753129623963,7.418360510004003,0.2528883894302544,9.053147384282104
0.3710000000000003,1.5068936734724003,7.434193739169622,0.2519267803949139,9.032923673678525
0.3720000000000003,1.5143278672115699,7.450017014355521,0.25096615037637343,9.012775391537918
0.3730000000000003,1.5217778842259253,7.465830406188123,0.2500064975664727,8.992702189137987
0.3740000000000003,1.5292437146321134,7.481633985140074,0.2490478201636122,8.972703719833982
0.3750000000000003,1.5367253486172534,7.497427821531799,0.24809011637271955,8.952779639043225
0.3760000000000003,1.5442227764387852,7.513211985533039,0.2471333844052159,8.932929604229798
0.3770000000000003,1.5517359884243183,7.528986547164391,0.24617762247898278,8.913153274889446
0.3780000000000003,1.5592649749714826,7.544751576298831,0.24522282881832902,8.893450312534501
0.3790000000000003,1.5668097265477814,7.560507142663237,0.24426900165395785,8.873820380678996
0.3800000000000003,1.5743702336904446,7.576253315839904,0.24331613922293444,8.854263144823955
0.3810000000000003,1.5819464870062845,7.5919901652680455,0.24236423976865346,8.834778272442707
0.3820000000000003,1.5895384771715526,7.607717760245296,0.24141330154080687,8.815365432966434
0.3830000000000003,1.597146194931798,7.623436169929201,0.24046332279535199,8.796024297769776
0.3840000000000003,1.6047696311017272,7.639145463338705,0.2395143017944798,8.776754540156597
0.3850000000000003,1.6124087765650659,7.6548457093556275,0.23856623680658331,8.757555835345869
0.3860000000000003,1.6200636222744216,7.670536976726136,0.23761912610622635,8.738427860457673
0.3870000000000003,1.6277341592511476,7.686219334062209,0.23667296797411233,8.719370294499322
0.3880000000000003,1.6354203785852097,7.701892849843101,0.23572776069705337,8.700382818351658
0.3890000000000003,1.6431222714350529,7.717557592416786,0.23478350256793956,8.681465114755339
0.3900000000000003,1.6508398290274697,7.733213630001411,0.23384019188570854,8.66261686829742
0.3910000000000003,1.6585730426574712,7.748861030686732,0.232897826955315,8.64383776539789
0.3920000000000003,1.666321903688158,7.764499862435548,0.23195640608770074,8.625127494296432
0.3930000000000003,1.6740864035505936,7.78013019308513,0.23101592759976464,8.60648574503928
0.3940000000000003,1.6818665337436787,7.795752090348641,0.23007638981433293,8.587912209466111
0.3950000000000003,1.6896622858340273,7.8113656218165515,0.22913779106012971,8.569406581197185
0.3960000000000003,1.697473651455844,7.82697085495805,0.22820012967174758,8.550968555620454
0.3970000000000003,1.705300622310802,7.842567857122449,0.22726340398961845,8.532597829878942
0.3980000000000003,1.7131431901679244,7.858156695540578,0.2263276123599846,8.514294102858042
0.3990000000000003,1.721001346863465,7.873737437326181,0.22539275313486995,8.496057075173097
0.4000000000000003,1.7288750843007912,7.8893101494773,0.2244588246720513,8.477886449156992
0.4010000000000003,1.7367643944502684,7.904874898877661,0.22352582533503013,8.459781928847871
0.4020000000000003,1.7446692693491461,7.920431752298047,0.2225937534930042,8.441743219976992
0.4030000000000003,1.7525897011014442,7.9359807763976695,0.2216626075208396,8.42377002995661
0.4040000000000003,1.7605256818778419,7.951522037725535,0.22073238579904284,8.405862067868075
0.4050000000000003,1.7684772039155674,7.967055602721807,0.2198030867137331,8.388019044449894
0.4060000000000003,1.7764442595182892,7.982581537719157,0.2188747086566149,8.370240672086059
0.4070000000000003,1.7844268410560085,7.998099908944121,0.21794725002495055,8.352526664794308
0.4080000000000003,1.7924249409649526,8.01361078251844,0.21702070922153308,8.334876738214597
0.4090000000000003,1.800438551747471,8.029114224460404,0.21609508465465926,8.317290609597652
0.4100000000000003,1.8084676659719314,8.044610300686188,0.21517037473810277,8.29976799779357
0.4110000000000003,1.8165122762726176,8.060099077011179,0.21424657789108753,8.28230862324056
0.4120000000000003,1.8245723753496288,8.075580619151312,0.21332369253826117,8.264912207953783
0.4130000000000003,1.83264795596878,8.09105499272438,0.21240171710966882,8.247578475514256
0.4140000000000003,1.8407390109615045,8.106522263251364,0.2114806500407269,8.230307151057865
0.4150000000000003,1.8488455332247558,8.121982496157733,0.2105604897721971,8.213097961264491
0.4160000000000003,1.8569675157209136,8.137435756774765,0.20964123475016067,8.195950634347176
0.4170000000000003,1.8651049514776883,8.152882110340848,0.2087228834259926,8.178864900041438
0.4180000000000003,1.8732578335880292,8.168321622002772,0.20780543425633624,8.161840489594624
0.4190000000000003,1.881426155210032,8.183754356817039,0.20688888570307795,8.144877135755406
0.4200000000000003,1.889609909566849,8.199180379751144,0.2059732362333219,8.1279745727633
0.4210000000000003,1.8978090899466002,8.214599755684873,0.20505848431936496,8.11113253633837
0.4220000000000003,1.906023689702285,8.230012549411574,0.20414462843867204,8.094350763670867
0.4230000000000003,1.9142537022516966,8.245418825639451,0.20323166707385115,8.07762899341112
0.4240000000000003,1.9224991210773361,8.260818648992831,0.20231959871262897,8.0609669656594
0.4250000000000003,1.9307599397263289,8.276212084013443,0.20140842184782645,8.044364421955912
0.4260000000000003,1.9390361518103423,8.291599195161682,0.20049813497733446,8.027821105270846
0.4270000000000003,1.947327751005504,8.30698004681788,0.19958873660408977,8.011336759994544
0.4280000000000003,1.9556347310523219,8.322354703283565,0.19868022523605108,7.994911131927726
0.4290000000000003,1.9639570857556055,8.337723228782718,0.1977725993861752,7.978543968271796
0.4300000000000003,1.9722948089843881,8.35308568746303,0.19686585757239333,7.962235017619223
0.4310000000000003,1.980647894671851,8.368442143397155,0.19595999831758765,7.94598402994403
0.43200000000000033,1.9890163368152483,8.383792660583957,0.1950550201495679,7.929790756592312
0.43300000000000033,1.9974001294758321,8.399137302949754,0.19415092160104813,7.913654950272917
0.43400000000000033,2.005799266778782,8.414476134349563,0.19324770120962362,7.897576365048082
0.43500000000000033,2.0142137429131313,8.429809218568337,0.19234535751774798,7.881554756324238
0.43600000000000033,2.0226435521316994,8.445136619322204,0.1914438890727103,7.865589880842874
0.43700000000000033,2.0310886887510216,8.460458400259697,0.19054329442661244,7.8496814966714705
0.43800000000000033,2.0395491471512814,8.475774624962984,0.1896435721363467,7.833829363194463
0.43900000000000033,2.0480249217762445,8.4910853569491,0.18874472076357313,7.818033241104362
0.44000000000000034,2.056516007133194,8.506390659671164,0.18784673887469755,7.802292892392878
0.44100000000000034,2.065022397792865,8.52169059651961,0.18694962504084928,7.786608080342137
0.44200000000000034,2.0735440883893843,8.536985230823399,0.1860533778378592,7.770978569516001
0.44300000000000034,2.082081073620208,8.552274625851238,0.18515799584623788,7.755404125751386
0.44400000000000034,2.090633348246059,8.567558844812796,0.18426347765115386,7.739884516149734
0.44500000000000034,2.099200907090872,8.582837950859913,0.18336982184241213,7.724419509068469
0.44600000000000034,2.107783745041732,8.598112007087813,0.18247702701443252,7.709008874112636
0.44700000000000034,2.1163818570488195,8.613381076536308,0.18158509176622856,7.693652382126464
0.44800000000000034,2.124995238125356,8.628645222191004,0.18069401470138613,7.67834980518512
0.44900000000000034,2.133623883347547,8.643904506984502,0.17980379442804245,7.663100916586454
0.45000000000000034,2.1422677878545318,8.659158993797599,0.17891442955886513,7.64790549084285
0.45100000000000035,2.150926946848329,8.674408745460488,0.17802591871103135,7.632763303673103
0.45200000000000035,2.15960135559379,8.689653824753954,0.17713826050620712,7.617674131994455
0.45300000000000035,2.1682910094185437,8.704894294410567,0.17625145357052677,7.602637753914536
0.45400000000000035,2.176995903712954,8.720130217115873,0.17536549653457245,7.58765394872351
0.45500000000000035,2.18571603393007,8.73536165550959,0.17448038803335383,7.572722496886239
0.45600000000000035,2.19445139558558,8.750588672186792,0.17359612670628788,7.557843180034487
0.45700000000000035,2.2032019842577664,8.765811329699094,0.17271271119717874,7.543015780959197
0.45800000000000035,2.2119677955874653,8.781029690555846,0.17183014015419784,7.528240083602839
0.45900000000000035,2.220748825278021,8.796243817225308,0.17094841222986398,7.513515873051833
0.46000000000000035,2.2295450690952463,8.811453772135838,0.1700675260810236,7.498842935528986
0.46100000000000035,2.2383565228673823,8.826659617677068,0.1691874803688312,7.484221058386041
0.46200000000000035,2.247183182485059,8.841861416201088,0.16830827375872978,7.469650030096227
0.46300000000000036,2.25602504390126,8.857059230023618,0.16742990492043155,7.455129640246947
0.46400000000000036,2.2648821031312836,8.872253121425192,0.16655237252789853,7.440659679532434
0.46500000000000036,2.273754356252709,8.88744315265233,0.1656756752593235,7.426239939746535
0.46600000000000036,2.2826417994053614,8.902629385918704,0.16479981179711087,7.4118702137754875
0.46700000000000036,2.2915444287912803,8.91781188340633,0.1639247808278578,7.397550295590867
0.46800000000000036,2.3004622406746864,8.93299070726672,0.16305058104233536,7.38327998024242
0.46900000000000036,2.309395231381953,8.948165919622063,0.1621772111354698,7.369059063851106
0.47000000000000036,2.3183433973015752,8.963337582566396,0.1613046698063239,7.354887343602105
0.47100000000000036,2.3273067348841416,8.978505758166769,0.16043295575807867,7.340764617737938
0.47200000000000036,2.3362852406423085,8.993670508464412,0.15956206769801468,7.326690685551573
0.47300000000000036,2.345278911150773,9.008831895475907,0.15869200433749397,7.312665347379642
0.47400000000000037,2.3542877430462488,9.023989981194353,0.15782276439194182,7.298688404595706
0.47500000000000037,2.363311733027443,9.039144827590528,0.15695434658082863,7.284759659603529
0.47600000000000037,2.3723508778550335,9.05429649661406,0.15608674962765207,7.270878915830437
0.47700000000000037,2.381405174351648,9.069445050194592,0.15521997225991907,7.2570459777207565
0.47800000000000037,2.3904746194018425,9.084590550242936,0.15435401320912817,7.243260650729238
0.47900000000000037,2.3995592099520855,9.09973305865225,0.15348887121075183,7.229522741314559
0.48000000000000037,2.408658943010738,9.114872637299195,0.15262454500421888,7.215832056932911
0.48100000000000037,2.417773815648037,9.130009348045096,0.15176103333289698,7.202188406031595
0.4820000000000004,2.4269038249960824,9.14514325273711,0.15089833494407542,7.188591598042659
0.4830000000000004,2.4360489682488193,9.160274413209386,0.15003644858894777,7.17504144337663
0.4840000000000004,2.445209242662029,9.175402891284227,0.14917537302259468,7.161537753416253
0.4850000000000004,2.454384645553313,9.190528748773252,0.14831510700396694,7.148080340510295
0.4860000000000004,2.4635751743020866,9.205652047478559,0.14745564929586844,7.134669017967391
0.4870000000000004,2.472780826349565,9.220772849193885,0.14659699866493928,7.121303600049952
0.4880000000000004,2.482001599198759,9.235891215705777,0.1457391538816391,7.10798390196808
0.4890000000000004,2.4912374904144645,9.251007208794743,0.14488211372023033,7.094709739873584
0.4900000000000004,2.5004884976232593,9.266120890236419,0.14402587695876162,7.081480930854003
0.4910000000000004,2.5097546185134956,9.281232321802735,0.14317044237905138,7.068297292926685
0.4920000000000004,2.5190358508352984,9.296341565263075,0.14231580876667138,7.055158645032912
0.4930000000000004,2.5283321924005615,9.311448682385443,0.14146197491093043,7.042064807032073
0.4940000000000004,2.537643641082947,9.326553734937619,0.14060893960485818,7.029015599695866
0.4950000000000004,2.5469701948178844,9.341656784688336,0.13975670164518905,7.016010844702563
0.4960000000000004,2.556311851602573,9.356757893408437,0.1389052598323462,7.003050364631311
0.4970000000000004,2.5656686094959813,9.37185712287204,0.13805461297042548,6.990133982956481
0.4980000000000004,2.5750404666188533,9.38695453485771,0.13720475986717975,6.977261524042028
0.4990000000000004,2.584427421153711,9.402050191149616,0.13635569933400304,6.964432813135947
0.5000000000000003,2.5938294713448604,9.417144153538711,0.13550743018591488,6.951647676364743
0.5010000000000003,2.6032466154983993,9.432236483823893,0.13465995124154473,6.938905940727919
0.5020000000000003,2.6126788519822233,9.447327243813172,0.13381326132311652,6.926207434092536
0.5030000000000003,2.6221261792260364,9.462416495324849,0.13296735925643322,6.913551985187822
0.5040000000000003,2.6315885957213614,9.477504300188679,0.13212224387086147,6.900939423599791
0.5050000000000003,2.64106610002155,9.492590720247048,0.13127791399931643,6.88836957976593
0.5060000000000003,2.6505586907417973,9.507675817356143,0.13043436847824663,6.875842284969886
0.5070000000000003,2.6600663665591533,9.522759653387133,0.1295916061476188,6.8633573713362495
0.5080000000000003,2.6695891262125406,9.537842290227339,0.12874962585090305,6.850914671825343
0.5090000000000003,2.679126968502768,9.55292378978141,0.1279084264350578,6.838514020228021
0.5100000000000003,2.6886798922925492,9.568004213972507,0.12706800675051508,6.826155251160561
0.5110000000000003,2.6982478965065217,9.583083624743482,0.12622836565116577,6.81383820005958
0.5120000000000003,2.7078309801312654,9.598162084058055,0.12538950199434495,6.8015627031769625
0.5130000000000003,2.7174291422153236,9.613239653902001,0.1245514146408173,6.789328597574859
0.5140000000000003,2.7270423818692255,9.628316396284335,0.12371410245476262,6.777135721120663
0.5150000000000003,2.73667069826551,9.643392373238493,0.12287756430376144,6.76498391248214
0.5160000000000003,2.7463140906387484,9.658467646823526,0.12204179905878068,6.752873011122445
0.5170000000000003,2.755972558285572,9.673542279125288,0.12120680559415938,6.740802857295296
0.5180000000000003,2.7656461005646973,9.688616332257624,0.12037258278759454,6.728773292040121
0.5190000000000003,2.775334716896955,9.703689868363567,0.119539129520127,6.716784157177265
0.5200000000000004,2.785038406765319,9.718762949616535,0.11870644467612748,6.704835295303218
0.5210000000000004,2.7947571697149356,9.733835638221525,0.11787452714328255,6.692926549785896
0.5220000000000004,2.804491005353157,9.74890799641631,0.11704337581258079,6.681057764759932
0.5230000000000004,2.8142399133495735,9.763980086472651,0.11621298957829905,6.669228785122007
0.5240000000000004,2.8240038934360463,9.77905197069749,0.1153833673379887,6.657439456526259
0.5250000000000004,2.833782945406744,9.794123711434159,0.11455450799246192,6.6456896253796405
0.5260000000000004,2.843577069118178,9.809195371063593,0.11372641044577826,6.633979138837396
0.5270000000000004,2.8533862644892416,9.824267012005537,0.11289907360523102,6.622307844798524
0.5280000000000004,2.863210531501247,9.839338696719757,0.11207249638133392,6.6106755919012725
0.5290000000000004,2.873049870197967,9.854410487707261,0.11124667768780767,6.599082229518686
0.5300000000000004,2.882904280685674,9.869482447511515,0.11042161644156678,6.587527607754177
0.5310000000000004,2.8927737631331856,9.884554638719667,0.10959731156270629,6.576011577437106
0.5320000000000004,2.9026583177719054,9.899627123963763,0.10877376197448863,6.564533990118475
0.5330000000000004,2.912557944895869,9.91469996592198,0.1079509666033306,6.553094698066514
0.5340000000000004,2.922472644861791,9.929773227319856,0.10712892437879036,6.541693554262435
0.5350000000000004,2.932402418089111,9.944846970931522,0.10630763423355448,6.530330412396136
0.5360000000000004,2.9423472650600426,9.95992125958093,0.10548709510342512,6.519005126861975
0.5370000000000004,2.9523071863196235,9.974996156143105,0.1046673059273072,6.507717552754543
0.5380000000000004,2.9622821824757666,9.99007172354537,0.10384826564719575,6.496467545864482
0.5390000000000004,2.972272254199312,10.005148024768603,0.10302997320816318,6.485254962674354
0.5400000000000004,2.9822774022240806,10.020225122848485,0.10221242755834675,6.474079660354489
0.5410000000000004,2.992297627346929,10.035303080876742,0.10139562764893605,6.462941496758941
0.5420000000000004,3.0023329304278055,10.050381962002406,0.10057957243416052,6.451840330421368
0.5430000000000004,3.012383312389808,10.065461829433074,0.09976426087127711,6.440776020551042
0.5440000000000004,3.022448774219241,10.080542746436166,0.09894969192055793,6.4297484270288106
0.5450000000000004,3.032529316965677,10.09562477634019,0.09813586454527799,6.418757410403162
0.5460000000000004,3.0426249417420173,10.110707982536015,0.09732277771170306,6.407802831886234
0.5470000000000004,3.0527356497245535,10.125792428478139,0.0965104303890775,6.3968845533499215
0.5480000000000004,3.062861442153032,10.140878177685968,0.09569882154961223,6.386002437321967
0.5490000000000004,3.0730023203307177,10.155965293745096,0.09488795016847272,6.375156346982104
0.5500000000000004,3.083158285624463,10.171053840308586,0.09407781522376707,6.364346146158239
0.5510000000000004,3.0933293394647716,10.186143881098262,0.09326841569653412,6.353571699322593
0.5520000000000004,3.10351548334587,10.201235479906,0.09245975057073165,6.342832871587957
0.5530000000000004,3.113716718825776,10.216328700595021,0.09165181883322468,6.332129528703923
0.5540000000000004,3.123933047526371,10.231423607101197,0.0908446194737737,6.321461537053157
0.5550000000000004,3.134164471133472,10.246520263434352,0.09003815148502314,6.3108287636476845
0.5560000000000004,3.1444109913969065,10.261618733679573,0.08923241386248974,6.3002310761252245
0.5570000000000004,3.154672610130586,10.276719081998522,0.08842740560455109,6.28966834274553
0.5580000000000004,3.1649493292125848,10.291821372630755,0.08762312571243415,6.279140432386757
0.5590000000000004,3.1752411505852156,10.306925669895046,0.08681957319020392,6.2686472145418755
0.5600000000000004,3.1855480762551105,10.322032038190711,0.08601674704475208,6.258188559315073
0.5610000000000004,3.195870108293301,10.337140541998945,0.08521464628578575,6.247764337418229
0.5620000000000004,3.2062072488353,10.352251245884155,0.08441326992581626,6.237374420167372
0.5630000000000004,3.216559500081184,10.3673642144953,0.083612616980148,6.22701867947916
0.5640000000000004,3.2269268642956797,10.382479512567246,0.0828126864668674,6.216696987867443
0.5650000000000004,3.237309343808247,10.397597204922107,0.0820134774068318,6.206409218439788
0.5660000000000004,3.247706941013169,10.412717356470612,0.08121498882365856,6.196155244894038
0.5670000000000004,3.25811965836964,10.427840032213462,0.08041721974371407,6.1859349415149065
0.5680000000000004,3.2685474984018534,10.442965297242695,0.07962016919610296,6.175748183170628
0.5690000000000004,3.2789904636990963,10.458093216743068,0.07882383621265722,6.1655948453095615
0.5700000000000004,3.2894485569158394,10.473223855993423,0.07802821982792552,6.15547480395688
0.5710000000000004,3.299921780771833,10.488357280368081,0.07723331907916246,6.145387935711224
0.5720000000000004,3.310410138052201,10.503493555338228,0.076439133006318,6.1353341177414515
0.5730000000000004,3.320913631607539,10.518632746473305,0.07564566065202678,6.125313227783344
0.5740000000000004,3.3314322643540124,10.533774919442418,0.07485290106159767,6.115325144136384
0.5750000000000004,3.341966039273455,10.54892014001574,0.07406085328300326,6.105369745660491
0.5760000000000004,3.3525149594134707,10.564068474065923,0.0732695163668694,6.095446911772859
0.5770000000000004,3.3630790278875367,10.579219987569516,0.07247888936646493,6.085556522444774
0.5780000000000004,3.373658247875106,10.594374746608395,0.07168897133769127,6.0756984581984455
0.5790000000000004,3.3842526226217142,10.609532817371187,0.07089976133907218,6.065872600103859
0.5800000000000004,3.3948621554390854,10.624694266154714,0.07011125843174355,6.056078829775692
0.5810000000000004,3.40548684970524,10.63985915936543,0.06932346167944327,6.046317029370193
0.5820000000000004,3.4161267088646055,10.655027563520878,0.06853637014850107,6.036587081582136
0.5830000000000004,3.426781736428126,10.670199545251144,0.0677499829078285,6.026888869641748
0.5840000000000004,3.4374519359733773,10.685375171300315,0.06696429902890887,6.017222277311674
0.5850000000000004,3.4481373111446776,10.70055450852796,0.06617931758578736,6.007587188884008
0.5860000000000004,3.4588378656532055,10.715737623910595,0.0653950376550611,5.997983489177237
0.5870000000000004,3.469553603277116,10.730924584543178,0.06461145831586929,5.988411063533351
0.5880000000000004,3.4802845278616594,10.74611545764059,0.06382857864988337,5.978869797814811
0.5890000000000004,3.4910306433193,10.761310310539141,0.06304639774129732,5.969359578401702
0.5900000000000004,3.501791953629839,10.77650921069807,0.06226491467681792,5.959880292188741
0.5910000000000004,3.512568462840537,10.791712225701058,0.061484128545655096,5.950431826582459
0.5920000000000004,3.5233601750662378,10.806919423257751,0.06070403843951232,5.941014069498298
0.5930000000000004,3.5341670944894954,10.822130871205285,0.059924643452577,5.93162690935775
0.5940000000000004,3.5449892253607005,10.837346637509821,0.05914594268151105,5.92227023508554
0.5950000000000004,3.5558265719982103,10.852566790268089,0.05836793522544133,5.91294393610681
0.5960000000000004,3.566679138788478,10.867791397708933,0.05759062018595028,5.903647902344343
0.5970000000000004,3.577546930186187,10.88302052819488,0.056813996667066546,5.894382024215743
0.5980000000000004,3.588429950714382,10.898254250223694,0.05603806377525563,5.88514619263073
0.5990000000000004,3.5993282049646056,10.913492632429959,0.055262820619410624,5.875940298988356
0.6000000000000004,3.6102416975970355,10.928735743586659,0.05448826631084297,5.866764235174312
0.6010000000000004,3.6211704333406223,10.943983652606768,0.05371439996327328,5.857617893558231
0.6020000000000004,3.632114416993229,10.95923642854485,0.05294122069282217,5.84850116699098
0.6030000000000004,3.643073653421774,10.974494140598667,0.05216872761800121,5.839413948802012
0.6040000000000004,3.6540481475623725,10.989756858110795,0.051396919859703814,5.830356132796696
0.6050000000000004,3.6650379044204833,11.005024650570247,0.05062579654119627,5.821327613253727
0.6060000000000004,3.6760429290710537,11.020297587614113,0.04985535678810876,5.812328284922468
0.6070000000000004,3.6870632266586676,11.035575739029197,0.04908559972842645,5.803358043020385
0.6080000000000004,3.6980988023976966,11.05085917475367,0.04831652449248061,5.794416783230449
0.6090000000000004,3.70914966157245,11.066147964878734,0.047548130212939785,5.785504401698578
0.6100000000000004,3.7202158095373288,11.08144217965029,0.04678041602480099,5.776620795031095
0.6110000000000004,3.731297251716979,11.096741889470618,0.046013381065381005,5.767765860292204
0.6120000000000004,3.7423939936064494,11.112047164900067,0.04524702447430762,5.758939495001477
0.6130000000000004,3.7535060407713496,11.127358076658753,0.044481345393511014,5.750141597131341
0.6140000000000004,3.7646333988480083,11.14267469562827,0.043716342967215126,5.741372065104624
0.6150000000000004,3.7757760735436365,11.157997092853401,0.04295201634192908,5.732630797792078
0.6160000000000004,3.78693407063649,11.173325339543862,0.04218836466643864,5.7239176945099395
0.6170000000000004,3.798107395976034,11.188659507076023,0.04142538709179774,5.715232655017484
0.6180000000000004,3.80929605548311,11.203999666994669,0.04066308277132001,5.706575579514642
0.6190000000000004,3.8205000551501045,11.219345891014752,0.0399014508605704,5.697946368639565
0.6200000000000004,3.831719401041119,11.234698251023167,0.039140490517356755,5.689344923466268
0.6210000000000004,3.8429540992921423,11.250056819080527,0.038380200901721555,5.680771145502245
0.6220000000000004,3.854204156111223,11.265421667422956,0.03762058117593357,5.6722249366861295
0.6230000000000004,3.865469577778646,11.280792868463893,0.03686163050447966,5.6637061993853415
0.6240000000000004,3.87675037064711,11.2961704947959,0.03610334805405651,5.655214836393804
0.6250000000000004,3.8880465411419056,11.311554619192494,0.03534573299356253,5.646750750929581
0.6260000000000004,3.899358095761098,11.32694531460997,0.03458878449408967,5.638313846632625
0.6270000000000004,3.910685041075708,11.342342654189261,0.03383250172891536,5.6299040275624765
0.6280000000000004,3.9220273837298976,11.357746711257787,0.03307688387349445,5.621521198196036
0.6290000000000004,3.9333851304411556,11.373157559331329,0.03232193010545121,5.613165263425284
0.6300000000000004,3.944758288000487,11.388575272115908,0.031567639604571325,5.6048361285550445
0.6310000000000004,3.9561468632726027,11.403999923509684,0.030814011552794,5.596533699300803
0.6320000000000005,3.9675508631961125,11.419431587604853,0.03006104513420404,5.588257881786463
0.6330000000000005,3.9789702947837173,11.434870338689572,0.02930873953502399,5.580008582542179
0.6340000000000005,3.990405165122407,11.450316251249888,0.02855709394360633,5.5717857085021745
0.6350000000000005,4.001855481373656,11.465769399971677,0.02780610755042567,5.563589167002576
0.6360000000000005,4.013321250773628,11.481229859742605,0.027055779548071018,5.555418865779264
0.6370000000000005,4.024802480633371,11.49669770565409,0.02630610913123806,5.547274712965753
0.6380000000000005,4.036299178339025,11.512173013003293,0.025557095496721496,5.539156617091047
0.6390000000000005,4.047811351352029,11.527655857295098,0.024808737843407397,5.531064487077548
0.6400000000000005,4.059339007209323,11.543146314244133,0.024061035372265602,5.52299823223896
0.6410000000000005,4.070882153523567,11.558644459776783,0.02331398728634216,5.514957762278218
0.6420000000000005,4.082440797983344,11.574150370033228,0.022567592790751795,5.506942987285389
0.6430000000000005,4.094014948353378,11.589664121369491,0.021821851092670423,5.498953817735652
0.6440000000000005,4.105604612474747,11.6051857903595,0.02107676140132768,5.490990164487243
0.6450000000000005,4.117209798265106,11.62071545379716,0.02033232292799951,5.483051938779422
0.6460000000000005,4.128830513718904,11.636253188698456,0.019588534886000777,5.475139052230464
0.6470000000000005,4.140466766907602,11.651799072303541,0.01884539649067791,5.467251416835669
0.6480000000000005,4.152118565979906,11.66735318207887,0.018102906959401574,5.4593889449653386
0.6490000000000005,4.1637859191619855,11.682915595719322,0.01736106551155942,5.451551549362831
0.6500000000000005,4.175468834757705,11.698486391150363,0.016619871368548794,5.443739143142582
0.6510000000000005,4.187167321148856,11.714065646530196,0.01587932375376955,5.435951639788158
0.6520000000000005,4.198881386795386,11.729653440251951,0.015139421892616864,5.428188953150306
0.6530000000000005,4.210611040235638,11.745249850945875,0.014400165012474075,5.420450997445039
0.6540000000000005,4.222356290086584,11.760854957481541,0.013661552342705583,5.412737687251708
0.6550000000000005,4.234117145044065,11.776468838970082,0.012923583114649763,5.4050489375111095
0.6560000000000005,4.245893613883035,11.792091574766422,0.012186256561611916,5.397384663523592
0.6570000000000005,4.257685705457801,11.807723244471545,0.011449571918857258,5.3897447809471615
0.6580000000000005,4.2694934287022726,11.82336392793476,0.010713528423603933,5.382129205795627
0.6590000000000005,4.281316792630207,11.839013705256004,0.009978125315016068,5.374537854436751
0.6600000000000005,4.293155806335463,11.85467265678814,0.009243361834196853,5.366970643590387
0.6610000000000005,4.305010478992251,11.870340863139285,0.008509237224181652,5.359427490326659
0.6620000000000005,4.316880819855391,11.886018405175154,0.007775750729931156,5.351908312064133
0.6630000000000005,4.328766838260566,11.901705364021417,0.007042901598324559,5.3444130265680005
0.6640000000000005,4.340668543624587,11.91740182106608,0.006310689078152767,5.336941551948311
0.6650000000000005,4.352585945445653,11.933107857961874,0.00557911242011164,5.329493806658133
0.6660000000000005,4.3645190533036144,11.94882355662867,0.004848170876795264,5.322069709491813
0.6670000000000005,4.376467876860243,11.96454899925591,0.004117863702689254,5.314669179583216
0.6680000000000005,4.388432425859499,11.980284268305061,0.0033881901541640926,5.3072921364039365
0.6690000000000005,4.400412710127804,11.996029446512072,0.0026591494894684896,5.299938499761575
0.6700000000000005,4.412408739574316,12.01178461688987,0.001930740968722781,5.292608189798017
0.6710000000000005,4.424420524191206,12.02754986273086,0.0012029638539123547,5.285301126987687
0.6720000000000005,4.436448074053937,12.043325267609454,0.0004758174088811065,5.278017232135838
0.6730000000000005,4.448491399321546,12.059110915384611,-0.000250699100675074,5.270756426376876
0.6740000000000005,4.4605505102369305,12.048002671664497,-0.000250699100675074,-3.0190206418223773
0.6750000000000005,4.472598512908595,12.036896833299702,-0.000250699100675074,-3.0190206418223773
0.6760000000000005,4.484635409741895,12.025793397553382,-0.000250699100675074,-3.0190206418223773
0.6770000000000005,4.496661203139448,12.014692361690727,-0.000250699100675074,-3.0190206418223773
0.6780000000000005,4.508675895501138,12.003593722978952,-0.000250699100675074,-3.0190206418223773
0.6790000000000005,4.5206794892241176,11.992497478687296,-0.000250699100675074,-3.0190206418223773
0.6800000000000005,4.5326719867028045,11.981403626087024,-0.000250699100675074,-3.0190206418223773
0.6810000000000005,4.544653390328891,11.970312162451417,-0.000250699100675074,-3.0190206418223773
0.6820000000000005,4.5566237024913425,11.959223085055774,-0.000250699100675074,-3.0190206418223773
0.6830000000000005,4.568582925576398,11.948136391177407,-0.000250699100675074,-3.0190206418223773
0.6840000000000005,4.580531061967576,11.937052078095638,-0.000250699100675074,-3.0190206418223773
0.6850000000000005,4.592468114045671,11.925970143091797,-0.000250699100675074,-3.0190206418223773
0.6860000000000005,4.604394084188763,11.91489058344922,-0.000250699100675074,-3.0190206418223773
0.6870000000000005,4.616308974772212,11.903813396453241,-0.000250699100675074,-3.0190206418223773
0.6880000000000005,4.628212788168666,11.8927385793912,-0.000250699100675074,-3.0190206418223773
0.6890000000000005,4.640105526748057,11.881666129552423,-0.000250699100675074,-3.0190206418223773
0.6900000000000005,4.651987192877609,11.870596044228238,-0.000250699100675074,-3.0190206418223773
0.6910000000000005,4.663857788921837,11.85952832071196,-0.000250699100675074,-3.0190206418223773
0.6920000000000005,4.675717317242549,11.848462956298889,-0.000250699100675074,-3.0190206418223773
0.6930000000000005,4.687565780198848,11.837399948286313,-0.000250699100675074,-3.0190206418223773
0.6940000000000005,4.699403180147134,11.8263392939735,-0.000250699100675074,-3.0190206418223773
0.6950000000000005,4.711229519441107,11.8152809906617,-0.000250699100675074,-3.0190206418223773
0.6960000000000005,4.723044800431769,11.804225035654131,-0.000250699100675074,-3.0190206418223773
0.6970000000000005,4.7348490254674225,11.793171426255991,-0.000250699100675074,-3.0190206418223773
0.6980000000000005,4.746642196893679,11.782120159774447,-0.000250699100675074,-3.0190206418223773
0.6990000000000005,4.7584243170534535,11.771071233518631,-0.000250699100675074,-3.0190206418223773
0.7000000000000005,4.7701953882869725,11.760024644799643,-0.000250699100675074,-3.0190206418223773
0.7010000000000005,4.781955412931772,11.748980390930539,-0.000250699100675074,-3.0190206418223773
0.7020000000000005,4.793704393322703,11.73793846922634,-0.000250699100675074,-3.0190206418223773
0.7030000000000005,4.805442331791929,11.726898877004018,-0.000250699100675074,-3.0190206418223773
0.7040000000000005,4.8171692306689335,11.715861611582502,-0.000250699100675074,-3.0190206418223773
0.7050000000000005,4.828885092280516,11.704826670282669,-0.000250699100675074,-3.0190206418223773
0.7060000000000005,4.840589918950799,11.693794050427345,-0.000250699100675074,-3.0190206418223773
0.7070000000000005,4.852283713001226,11.682763749341296,-0.000250699100675074,-3.0190206418223773
0.7080000000000005,4.8639664767505675,11.671735764351236,-0.000250699100675074,-3.0190206418223773
0.7090000000000005,4.875638212514919,11.660710092785816,-0.000250699100675074,-3.0190206418223773
0.7100000000000005,4.887298922607704,11.64968673197562,-0.000250699100675074,-3.0190206418223773
0.7110000000000005,4.89894860933968,11.638665679253169,-0.000250699100675074,-3.0190206418223773
0.7120000000000005,4.910587275018933,11.627646931952912,-0.000250699100675074,-3.0190206418223773
0.7130000000000005,4.922214921950887,11.616630487411229,-0.000250699100675074,-3.0190206418223773
0.7140000000000005,4.933831552438297,11.605616342966421,-0.000250699100675074,-3.0190206418223773
0.7150000000000005,4.945437168781264,11.594604495958714,-0.000250699100675074,-3.0190206418223773
0.7160000000000005,4.957031773277222,11.583594943730253,-0.000250699100675074,-3.0190206418223773
0.7170000000000005,4.968615368220953,11.572587683625096,-0.000250699100675074,-3.0190206418223773
0.7180000000000005,4.9801879559045785,11.561582712989221,-0.000250699100675074,-3.0190206418223773
0.7190000000000005,4.991749538617568,11.550580029170513,-0.000250699100675074,-3.0190206418223773
0.7200000000000005,5.003300118646738,11.539579629518766,-0.000250699100675074,-3.0190206418223773
0.7210000000000005,5.014839698276257,11.528581511385678,-0.000250699100675074,-3.0190206418223773
0.7220000000000005,5.026368279787643,11.51758567212485,-0.000250699100675074,-3.0190206418223773
0.7230000000000005,5.037885865459767,11.506592109091788,-0.000250699100675074,-3.0190206418223773
0.7240000000000005,5.049392457568859,11.495600819643887,-0.000250699100675074,-3.0190206418223773
0.7250000000000005,5.060888058388503,11.484611801140442,-0.000250699100675074,-3.0190206418223773
0.7260000000000005,5.072372670189644,11.473625050942637,-0.000250699100675074,-3.0190206418223773
0.7270000000000005,5.083846295240587,11.462640566413548,-0.000250699100675074,-3.0190206418223773
0.7280000000000005,5.095308935807,11.451658344918132,-0.000250699100675074,-3.0190206418223773
0.7290000000000005,5.106760594151918,11.440678383823233,-0.000250699100675074,-3.0190206418223773
0.7300000000000005,5.1182012725357415,11.429700680497577,-0.000250699100675074,-3.0190206418223773
0.7310000000000005,5.129630973216239,11.418725232311765,-0.000250699100675074,-3.0190206418223773
0.7320000000000005,5.14104969844855,11.407752036638273,-0.000250699100675074,-3.0190206418223773
0.7330000000000005,5.152457450485189,11.396781090851452,-0.000250699100675074,-3.0190206418223773
0.7340000000000005,5.16385423157604,11.385812392327518,-0.000250699100675074,-3.0190206418223773
0.7350000000000005,5.175240043968367,11.374845938444558,-0.000250699100675074,-3.0190206418223773
0.7360000000000005,5.186614889906812,11.363881726582525,-0.000250699100675074,-3.0190206418223773
0.7370000000000005,5.1979787716333945,11.352919754123228,-0.000250699100675074,-3.0190206418223773
0.7380000000000005,5.209331691387518,11.341960018450338,-0.000250699100675074,-3.0190206418223773
0.7390000000000005,5.220673651405968,11.331002516949383,-0.000250699100675074,-3.0190206418223773
0.7400000000000005,5.2320046539229175,11.320047247007741,-0.000250699100675074,-3.0190206418223773
0.7410000000000005,5.243324701169925,11.309094206014644,-0.000250699100675074,-3.0190206418223773
0.7420000000000005,5.254633795375939,11.29814339136117,-0.000250699100675074,-3.0190206418223773
0.7430000000000005,5.2659319387673005,11.287194800440245,-0.000250699100675074,-3.0190206418223773
0.7440000000000005,5.2772191335677405,11.276248430646634,-0.000250699100675074,-3.0190206418223773
0.7450000000000006,5.288495381998387,11.265304279376942,-0.000250699100675074,-3.0190206418223773
0.7460000000000006,5.2997606862777635,11.254362344029614,-0.000250699100675074,-3.0190206418223773
0.7470000000000006,5.311015048621793,11.243422622004928,-0.000250699100675074,-3.0190206418223773
0.7480000000000006,5.322258471243798,11.232485110704994,-0.000250699100675074,-3.0190206418223773
0.7490000000000006,5.333490956354503,11.221549807533751,-0.000250699100675074,-3.0190206418223773
0.7500000000000006,5.344712506162037,11.210616709896966,-0.000250699100675074,-3.0190206418223773
0.7510000000000006,5.355923122871934,11.199685815202228,-0.000250699100675074,-3.0190206418223773
0.7520000000000006,5.367122808687136,11.188757120858947,-0.000250699100675074,-3.0190206418223773
0.7530000000000006,5.378311565807995,11.177830624278352,-0.000250699100675074,-3.0190206418223773
0.7540000000000006,5.389489396432274,11.166906322873487,-0.000250699100675074,-3.0190206418223773
0.7550000000000006,5.400656302755148,11.155984214059211,-0.000250699100675074,-3.0190206418223773
0.7560000000000006,5.411812286969207,11.145064295252194,-0.000250699100675074,-3.0190206418223773
0.7570000000000006,5.4229573512644595,11.134146563870912,-0.000250699100675074,-3.0190206418223773
0.7580000000000006,5.43409149782833,11.123231017335646,-0.000250699100675074,-3.0190206418223773
0.7590000000000006,5.445214728845666,11.11231765306848,-0.000250699100675074,-3.0190206418223773
0.7600000000000006,5.456327046498734,11.101406468493298,-0.000250699100675074,-3.0190206418223773
0.7610000000000006,5.467428452967227,11.090497461035783,-0.000250699100675074,-3.0190206418223773
0.7620000000000006,5.478518950428263,11.079590628123409,-0.000250699100675074,-3.0190206418223773
0.7630000000000006,5.489598541056387,11.068685967185447,-0.000250699100675074,-3.0190206418223773
0.7640000000000006,5.500667227023572,11.057783475652952,-0.000250699100675074,-3.0190206418223773
0.7650000000000006,5.511725010499226,11.04688315095877,-0.000250699100675074,-3.0190206418223773
0.7660000000000006,5.522771893650185,11.035984990537528,-0.000250699100675074,-3.0190206418223773
0.7670000000000006,5.533807878640722,11.025088991825637,-0.000250699100675074,-3.0190206418223773
0.7680000000000006,5.544832967632548,11.014195152261285,-0.000250699100675074,-3.0190206418223773
0.7690000000000006,5.555847162784809,11.00330346928444,-0.000250699100675074,-3.0190206418223773
0.7700000000000006,5.566850466254093,10.992413940336839,-0.000250699100675074,-3.0190206418223773
0.7710000000000006,5.57784288019443,10.981526562861992,-0.000250699100675074,-3.0190206418223773
0.7720000000000006,5.588824406757292,10.970641334305178,-0.000250699100675074,-3.0190206418223773
0.7730000000000006,5.599795048091597,10.95975825211344,-0.000250699100675074,-3.0190206418223773
0.7740000000000006,5.61075480634371,10.948877313735588,-0.000250699100675074,-3.0190206418223773
0.7750000000000006,5.621703683657445,10.93799851662219,-0.000250699100675074,-3.0190206418223773
0.7760000000000006,5.632641682174068,10.927121858225574,-0.000250699100675074,-3.0190206418223773
0.7770000000000006,5.643568804032293,10.916247335999818,-0.000250699100675074,-3.0190206418223773
0.7780000000000006,5.654485051368293,10.90537494740076,-0.000250699100675074,-3.0190206418223773
0.7790000000000006,5.665390426315693,10.894504689885986,-0.000250699100675074,-3.0190206418223773
0.7800000000000006,5.676284931005579,10.883636560914828,-0.000250699100675074,-3.0190206418223773
0.7810000000000006,5.687168567566494,10.872770557948366,-0.000250699100675074,-3.0190206418223773
0.7820000000000006,5.698041338124442,10.86190667844942,-0.000250699100675074,-3.0190206418223773
0.7830000000000006,5.708903244802891,10.851044919882552,-0.000250699100675074,-3.0190206418223773
0.7840000000000006,5.719754289722774,10.84018527971406,-0.000250699100675074,-3.0190206418223773
0.7850000000000006,5.730594475002488,10.829327755411978,-0.000250699100675074,-3.0190206418223773
0.7860000000000006,5.7414238027579,10.818472344446072,-0.000250699100675074,-3.0190206418223773
0.7870000000000006,5.752242275102346,10.807619044287838,-0.000250699100675074,-3.0190206418223773
0.7880000000000006,5.763049894146634,10.7967678524105,-0.000250699100675074,-3.0190206418223773
0.7890000000000006,5.773846661999044,10.785918766289008,-0.000250699100675074,-3.0190206418223773
0.7900000000000006,5.784632580765333,10.77507178340003,-0.000250699100675074,-3.0190206418223773
0.7910000000000006,5.795407652548733,10.764226901221955,-0.000250699100675074,-3.0190206418223773
0.7920000000000006,5.8061718794499555,10.753384117234893,-0.000250699100675074,-3.0190206418223773
0.7930000000000006,5.816925263567191,10.742543428920662,-0.000250699100675074,-3.0190206418223773
0.7940000000000006,5.827667806996112,10.7317048337628,-0.000250699100675074,-3.0190206418223773
0.7950000000000006,5.838399511829874,10.720868329246548,-0.000250699100675074,-3.0190206418223773
0.7960000000000006,5.849120380159121,10.710033912858856,-0.000250699100675074,-3.0190206418223773
0.7970000000000006,5.85983041407198,10.699201582088381,-0.000250699100675074,-3.0190206418223773
0.7980000000000006,5.8705296156540685,10.68837133442548,-0.000250699100675074,-3.0190206418223773
0.7990000000000006,5.881217986988494,10.677543167362206,-0.000250699100675074,-3.0190206418223773
0.8000000000000006,5.891895530155856,10.666717078392315,-0.000250699100675074,-3.0190206418223773
0.8010000000000006,5.902562247234249,10.655893065011254,-0.000250699100675074,-3.0190206418223773
0.8020000000000006,5.91321814029926,10.645071124716164,-0.000250699100675074,-3.0190206418223773
0.8030000000000006,5.923863211423976,10.634251255005873,-0.000250699100675074,-3.0190206418223773
0.8040000000000006,5.934497462678982,10.623433453380896,-0.000250699100675074,-3.0190206418223773
0.8050000000000006,5.945120896132362,10.612617717343435,-0.000250699100675074,-3.0190206418223773
0.8060000000000006,5.955733513849705,10.60180404439737,-0.000250699100675074,-3.0190206418223773
0.8070000000000006,5.966335317894103,10.590992432048267,-0.000250699100675074,-3.0190206418223773
0.8080000000000006,5.976926310326151,10.580182877803361,-0.000250699100675074,-3.0190206418223773
0.8090000000000006,5.987506493203955,10.569375379171568,-0.000250699100675074,-3.0190206418223773
0.8100000000000006,5.998075868583126,10.55856993366347,-0.000250699100675074,-3.0190206418223773
0.8110000000000006,6.00863443851679,10.547766538791326,-0.000250699100675074,-3.0190206418223773
0.8120000000000006,6.019182205055581,10.536965192069054,-0.000250699100675074,-3.0190206418223773
0.8130000000000006,6.029719170247651,10.526165891012242,-0.000250699100675074,-3.0190206418223773
0.8140000000000006,6.040245336138663,10.515368633138138,-0.000250699100675074,-3.0190206418223773
0.8150000000000006,6.050760704771801,10.50457341596565,-0.000250699100675074,-3.0190206418223773
0.8160000000000006,6.061265278187767,10.493780237015343,-0.000250699100675074,-3.0190206418223773
0.8170000000000006,6.0717590584247825,10.482989093809437,-0.000250699100675074,-3.0190206418223773
0.8180000000000006,6.082242047518592,10.472199983871803,-0.000250699100675074,-3.0190206418223773
0.8190000000000006,6.092714247502464,10.461412904727965,-0.000250699100675074,-3.0190206418223773
0.8200000000000006,6.103175660407191,10.45062785390509,-0.000250699100675074,-3.0190206418223773
0.8210000000000006,6.113626288261097,10.439844828931994,-0.000250699100675074,-3.0190206418223773
0.8220000000000006,6.124066133090029,10.429063827339133,-0.000250699100675074,-3.0190206418223773
0.8230000000000006,6.134495196917368,10.418284846658603,-0.000250699100675074,-3.0190206418223773
0.8240000000000006,6.144913481764027,10.407507884424136,-0.000250699100675074,-3.0190206418223773
0.8250000000000006,6.155320989648451,10.396732938171105,-0.000250699100675074,-3.0190206418223773
0.8260000000000006,6.1657177225866215,10.38596000543651,-0.000250699100675074,-3.0190206418223773
0.8270000000000006,6.176103682592058,10.375189083758983,-0.000250699100675074,-3.0190206418223773
0.8280000000000006,6.186478871675817,10.364420170678782,-0.000250699100675074,-3.0190206418223773
0.8290000000000006,6.196843291846496,10.353653263737796,-0.000250699100675074,-3.0190206418223773
0.8300000000000006,6.207196945110233,10.34288836047953,-0.000250699100675074,-3.0190206418223773
0.8310000000000006,6.217539833470713,10.332125458449113,-0.000250699100675074,-3.0190206418223773
0.8320000000000006,6.227871958929162,10.321364555193293,-0.000250699100675074,-3.0190206418223773
0.8330000000000006,6.238193323484356,10.310605648260433,-0.000250699100675074,-3.0190206418223773
0.8340000000000006,6.248503929132616,10.299848735200507,-0.000250699100675074,-3.0190206418223773
0.8350000000000006,6.258803777867816,10.289093813565103,-0.000250699100675074,-3.0190206418223773
0.8360000000000006,6.269092871681381,10.278340880907415,-0.000250699100675074,-3.0190206418223773
0.8370000000000006,6.279371212562288,10.267589934782244,-0.000250699100675074,-3.0190206418223773
0.8380000000000006,6.289638802497071,10.256840972745996,-0.000250699100675074,-3.0190206418223773
0.8390000000000006,6.299895643469816,10.246093992356677,-0.000250699100675074,-3.0190206418223773
0.8400000000000006,6.310141737462173,10.235348991173892,-0.000250699100675074,-3.0190206418223773
0.8410000000000006,6.320377086453346,10.224605966758842,-0.000250699100675074,-3.0190206418223773
0.8420000000000006,6.330601692420105,10.213864916674325,-0.000250699100675074,-3.0190206418223773
0.8430000000000006,6.3408155573367795,10.203125838484725,-0.000250699100675074,-3.0190206418223773
0.8440000000000006,6.351018683175265,10.19238872975602,-0.000250699100675074,-3.0190206418223773
0.8450000000000006,6.3612110719050206,10.181653588055775,-0.000250699100675074,-3.0190206418223773
0.8460000000000006,6.3713927254930764,10.170920410953137,-0.000250699100675074,-3.0190206418223773
0.8470000000000006,6.38156364590403,10.160189196018836,-0.000250699100675074,-3.0190206418223773
0.8480000000000006,6.3917238351000485,10.149459940825182,-0.000250699100675074,-3.0190206418223773
0.8490000000000006,6.401873295040874,10.138732642946064,-0.000250699100675074,-3.0190206418223773
0.8500000000000006,6.4120120276838195,10.128007299956943,-0.000250699100675074,-3.0190206418223773
0.8510000000000006,6.4221400349837765,10.117283909434857,-0.000250699100675074,-3.0190206418223773
0.8520000000000006,6.432257318893211,10.10656246895841,-0.000250699100675074,-3.0190206418223773
0.8530000000000006,6.442363881362169,10.095842976107777,-0.000250699100675074,-3.0190206418223773
0.8540000000000006,6.4524597243382775,10.085125428464698,-0.000250699100675074,-3.0190206418223773
0.8550000000000006,6.462544849766743,10.074409823612475,-0.000250699100675074,-3.0190206418223773
0.8560000000000006,6.472619259590355,10.063696159135972,-0.000250699100675074,-3.0190206418223773
0.8570000000000007,6.482682955749492,10.05298443262161,-0.000250699100675074,-3.0190206418223773
0.8580000000000007,6.492735940182113,10.04227464165737,-0.000250699100675074,-3.0190206418223773
0.8590000000000007,6.5027782148237705,10.031566783832783,-0.000250699100675074,-3.0190206418223773
0.8600000000000007,6.512809781607603,10.020860856738935,-0.000250699100675074,-3.0190206418223773
0.8610000000000007,6.522830642464342,10.010156857968457,-0.000250699100675074,-3.0190206418223773
0.8620000000000007,6.532840799322311,9.999454785115532,-0.000250699100675074,-3.0190206418223773
0.8630000000000007,6.542840254107427,9.988754635775882,-0.000250699100675074,-3.0190206418223773
0.8640000000000007,6.552829008743203,9.978056407546775,-0.000250699100675074,-3.0190206418223773
0.8650000000000007,6.562807065150749,9.96736009802702,-0.000250699100675074,-3.0190206418223773
0.8660000000000007,6.5727744252487765,9.956665704816961,-0.000250699100675074,-3.0190206418223773
0.8670000000000007,6.582731090953594,9.945973225518477,-0.000250699100675074,-3.0190206418223773
0.8680000000000007,6.592677064179112,9.935282657734982,-0.000250699100675074,-3.0190206418223773
0.8690000000000007,6.602612346836847,9.92459399907142,-0.000250699100675074,-3.0190206418223773
0.8700000000000007,6.612536940835918,9.913907247134262,-0.000250699100675074,-3.0190206418223773
0.8710000000000007,6.622450848083052,9.903222399531506,-0.000250699100675074,-3.0190206418223773
0.8720000000000007,6.632354070482584,9.892539453872674,-0.000250699100675074,-3.0190206418223773
0.8730000000000007,6.642246609936456,9.88185840776881,-0.000250699100675074,-3.0190206418223773
0.8740000000000007,6.652128468344225,9.871179258832477,-0.000250699100675074,-3.0190206418223773
0.8750000000000007,6.661999647603057,9.860502004677752,-0.000250699100675074,-3.0190206418223773
0.8760000000000007,6.671860149607735,9.849826642920231,-0.000250699100675074,-3.0190206418223773
0.8770000000000007,6.681709976250655,9.839153171177019,-0.000250699100675074,-3.0190206418223773
0.8780000000000007,6.6915491294218326,9.828481587066731,-0.000250699100675074,-3.0190206418223773
0.8790000000000007,6.701377611008899,9.817811888209492,-0.000250699100675074,-3.0190206418223773
0.8800000000000007,6.7111954228971085,9.807144072226931,-0.000250699100675074,-3.0190206418223773
0.8810000000000007,6.721002566969335,9.796478136742179,-0.000250699100675074,-3.0190206418223773
0.8820000000000007,6.730799045106077,9.78581407937987,-0.000250699100675074,-3.0190206418223773
0.8830000000000007,6.740584859185457,9.775151897766134,-0.000250699100675074,-3.0190206418223773
0.8840000000000007,6.750360011083223,9.764491589528602,-0.000250699100675074,-3.0190206418223773
0.8850000000000007,6.760124502672752,9.753833152296393,-0.000250699100675074,-3.0190206418223773
0.8860000000000007,6.769878335825048,9.743176583700121,-0.000250699100675074,-3.0190206418223773
0.8870000000000007,6.779621512408748,9.73252188137189,-0.000250699100675074,-3.0190206418223773
0.8880000000000007,6.7893540342901195,9.72186904294529,-0.000250699100675074,-3.0190206418223773
0.8890000000000007,6.7990759033330646,9.711218066055395,-0.000250699100675074,-3.0190206418223773
0.8900000000000007,6.80878712139912,9.700568948338764,-0.000250699100675074,-3.0190206418223773
0.8910000000000007,6.8184876903474585,9.689921687433436,-0.000250699100675074,-3.0190206418223773
0.8920000000000007,6.828177612034892,9.679276280978927,-0.000250699100675074,-3.0190206418223773
0.8930000000000007,6.837856888315871,9.668632726616227,-0.000250699100675074,-3.0190206418223773
0.8940000000000007,6.8475255210424875,9.657991021987804,-0.000250699100675074,-3.0190206418223773
0.8950000000000007,6.857183512064475,9.647351164737596,-0.000250699100675074,-3.0190206418223773
0.8960000000000007,6.866830863229213,9.63671315251101,-0.000250699100675074,-3.0190206418223773
0.8970000000000007,6.876467576381724,9.626076982954919,-0.000250699100675074,-3.0190206418223773
0.8980000000000007,6.886093653364679,9.615442653717661,-0.000250699100675074,-3.0190206418223773
0.8990000000000007,6.895709096018396,9.604810162449038,-0.000250699100675074,-3.0190206418223773
0.9000000000000007,6.905313906180845,9.594179506800309,-0.000250699100675074,-3.0190206418223773
0.9010000000000007,6.914908085687645,9.583550684424194,-0.000250699100675074,-3.0190206418223773
0.9020000000000007,6.924491636372069,9.57292369297487,-0.000250699100675074,-3.0190206418223773
0.9030000000000007,6.934064560065044,9.562298530107963,-0.000250699100675074,-3.0190206418223773
0.9040000000000007,6.943626858595152,9.551675193480555,-0.000250699100675074,-3.0190206418223773
0.9050000000000007,6.953178533788633,9.541053680751174,-0.000250699100675074,-3.0190206418223773
0.9060000000000007,6.962719587469384,9.530433989579796,-0.000250699100675074,-3.0190206418223773
0.9070000000000007,6.972250021458964,9.519816117627842,-0.000250699100675074,-3.0190206418223773
0.9080000000000007,6.981769837576592,9.509200062558175,-0.000250699100675074,-3.0190206418223773
0.9090000000000007,6.99127903763915,9.498585822035098,-0.000250699100675074,-3.0190206418223773
0.9100000000000007,7.000777623461185,9.487973393724353,-0.000250699100675074,-3.0190206418223773
0.9110000000000007,7.01026559685491,9.477362775293116,-0.000250699100675074,-3.0190206418223773
0.9120000000000007,7.019742959630203,9.46675396441,-0.000250699100675074,-3.0190206418223773
0.9130000000000007,7.0292097135946126,9.456146958745046,-0.000250699100675074,-3.0190206418223773
0.9140000000000007,7.038665860553357,9.445541755969726,-0.000250699100675074,-3.0190206418223773
0.9150000000000007,7.048111402309327,9.434938353756941,-0.000250699100675074,-3.0190206418223773
0.9160000000000007,7.057546340663084,9.424336749781013,-0.000250699100675074,-3.0190206418223773
0.9170000000000007,7.066970677412865,9.413736941717687,-0.000250699100675074,-3.0190206418223773
0.9180000000000007,7.076384414354583,9.403138927244132,-0.000250699100675074,-3.0190206418223773
0.9190000000000007,7.085787553281826,9.392542704038933,-0.000250699100675074,-3.0190206418223773
0.9200000000000007,7.0951800959858655,9.38194826978209,-0.000250699100675074,-3.0190206418223773
0.9210000000000007,7.104562044255648,9.371355622155018,-0.000250699100675074,-3.0190206418223773
0.9220000000000007,7.113933399877802,9.360764758840547,-0.000250699100675074,-3.0190206418223773
0.9230000000000007,7.1232941646366426,9.350175677522913,-0.000250699100675074,-3.0190206418223773
0.9240000000000007,7.132644340314165,9.33958837588776,-0.000250699100675074,-3.0190206418223773
0.9250000000000007,7.141983928690053,9.329002851622135,-0.000250699100675074,-3.0190206418223773
0.9260000000000007,7.151312931541675,9.318419102414493,-0.000250699100675074,-3.0190206418223773
0.9270000000000007,7.160631350644089,9.307837125954688,-0.000250699100675074,-3.0190206418223773
0.9280000000000007,7.169939187770044,9.29725691993397,-0.000250699100675074,-3.0190206418223773
0.9290000000000007,7.179236444689979,9.28667848204499,-0.000250699100675074,-3.0190206418223773
0.9300000000000007,7.188523123172024,9.276101809981792,-0.000250699100675074,-3.0190206418223773
0.9310000000000007,7.197799224982005,9.26552690143981,-0.000250699100675074,-3.0190206418223773
0.9320000000000007,7.207064751883445,9.254953754115869,-0.000250699100675074,-3.0190206418223773
0.9330000000000007,7.216319705637561,9.244382365708184,-0.000250699100675074,-3.0190206418223773
0.9340000000000007,7.225564088003269,9.233812733916354,-0.000250699100675074,-3.0190206418223773
0.9350000000000007,7.234797900737186,9.223244856441363,-0.000250699100675074,-3.0190206418223773
0.9360000000000007,7.244021145593627,9.212678730985578,-0.000250699100675074,-3.0190206418223773
0.9370000000000007,7.253233824324613,9.202114355252741,-0.000250699100675074,-3.0190206418223773
0.9380000000000007,7.262435938679865,9.191551726947974,-0.000250699100675074,-3.0190206418223773
0.9390000000000007,7.271627490406813,9.180990843777774,-0.000250699100675074,-3.0190206418223773
0.9400000000000007,7.280808481250591,9.17043170345001,-0.000250699100675074,-3.0190206418223773
0.9410000000000007,7.289978912954041,9.159874303673924,-0.000250699100675074,-3.0190206418223773
0.9420000000000007,7.299138787257715,9.149318642160125,-0.000250699100675074,-3.0190206418223773
0.9430000000000007,7.308288105899876,9.138764716620589,-0.000250699100675074,-3.0190206418223773
0.9440000000000007,7.317426870616496,9.128212524768657,-0.000250699100675074,-3.0190206418223773
0.9450000000000007,7.326555083141265,9.117662064319031,-0.000250699100675074,-3.0190206418223773
0.9460000000000007,7.335672745205584,9.107113332987776,-0.000250699100675074,-3.0190206418223773
0.9470000000000007,7.344779858538572,9.096566328492314,-0.000250699100675074,-3.0190206418223773
0.9480000000000007,7.353876424867064,9.08602104855142,-0.000250699100675074,-3.0190206418223773
0.9490000000000007,7.362962445915615,9.075477490885225,-0.000250699100675074,-3.0190206418223773
0.9500000000000007,7.3720379234065,9.064935653215215,-0.000250699100675074,-3.0190206418223773
0.9510000000000007,7.381102859059715,9.054395533264222,-0.000250699100675074,-3.0190206418223773
0.9520000000000007,7.390157254592979,9.043857128756425,-0.000250699100675074,-3.0190206418223773
0.9530000000000007,7.399201111721736,9.033320437417352,-0.000250699100675074,-3.0190206418223773
0.9540000000000007,7.408234432159153,9.022785456973871,-0.000250699100675074,-3.0190206418223773
0.9550000000000007,7.417257217616127,9.012252185154194,-0.000250699100675074,-3.0190206418223773
0.9560000000000007,7.426269469801281,9.00172061968787,-0.000250699100675074,-3.0190206418223773
0.9570000000000007,7.435271190420969,8.991190758305786,-0.000250699100675074,-3.0190206418223773
0.9580000000000007,7.444262381179275,8.980662598740164,-0.000250699100675074,-3.0190206418223773
0.9590000000000007,7.4532430437780155,8.970136138724559,-0.000250699100675074,-3.0190206418223773
0.9600000000000007,7.46221317991674,8.959611375993859,-0.000250699100675074,-3.0190206418223773
0.9610000000000007,7.471172791292735,8.949088308284276,-0.000250699100675074,-3.0190206418223773
0.9620000000000007,7.480121879601019,8.938566933333352,-0.000250699100675074,-3.0190206418223773
0.9630000000000007,7.489060446534353,8.928047248879952,-0.000250699100675074,-3.0190206418223773
0.9640000000000007,7.497988493783232,8.917529252664266,-0.000250699100675074,-3.0190206418223773
0.9650000000000007,7.506906023035897,8.907012942427803,-0.000250699100675074,-3.0190206418223773
0.9660000000000007,7.515813035978325,8.896498315913389,-0.000250699100675074,-3.0190206418223773
0.9670000000000007,7.524709534294238,8.885985370865168,-0.000250699100675074,-3.0190206418223773
0.9680000000000007,7.533595519665103,8.875474105028598,-0.000250699100675074,-3.0190206418223773
0.9690000000000007,7.542470993770132,8.864964516150447,-0.000250699100675074,-3.0190206418223773
0.9700000000000008,7.551335958286282,8.854456601978798,-0.000250699100675074,-3.0190206418223773
0.9710000000000008,7.560190414888261,8.843950360263037,-0.000250699100675074,-3.0190206418223773
0.9720000000000008,7.569034365248524,8.833445788753858,-0.000250699100675074,-3.0190206418223773
0.9730000000000008,7.577867811037278,8.822942885203261,-0.000250699100675074,-3.0190206418223773
0.9740000000000008,7.586690753922481,8.812441647364544,-0.000250699100675074,-3.0190206418223773
0.9750000000000008,7.5955031955698455,8.801942072992308,-0.000250699100675074,-3.0190206418223773
0.9760000000000008,7.604305137642838,8.791444159842449,-0.000250699100675074,-3.0190206418223773
0.9770000000000008,7.61309658180268,8.78094790567216,-0.000250699100675074,-3.0190206418223773
0.9780000000000008,7.621877529708352,8.77045330823993,-0.000250699100675074,-3.0190206418223773
0.9790000000000008,7.630647983016592,8.759960365305535,-0.000250699100675074,-3.0190206418223773
0.9800000000000008,7.639407943381898,8.749469074630044,-0.000250699100675074,-3.0190206418223773
0.9810000000000008,7.648157412456528,8.738979433975812,-0.000250699100675074,-3.0190206418223773
0.9820000000000008,7.656896391890504,8.728491441106481,-0.000250699100675074,-3.0190206418223773
0.9830000000000008,7.66562488333161,8.718005093786974,-0.000250699100675074,-3.0190206418223773
0.9840000000000008,7.674342888425397,8.7075203897835,-0.000250699100675074,-3.0190206418223773
0.9850000000000008,7.68305040881518,8.697037326863542,-0.000250699100675074,-3.0190206418223773
0.9860000000000008,7.691747446142043,8.686555902795863,-0.000250699100675074,-3.0190206418223773
0.9870000000000008,7.7004340020448385,8.6760761153505,-0.000250699100675074,-3.0190206418223773
0.9880000000000008,7.709110078160189,8.665597962298769,-0.000250699100675074,-3.0190206418223773
0.9890000000000008,7.717775676122488,8.655121441413247,-0.000250699100675074,-3.0190206418223773
0.9900000000000008,7.726430797563902,8.644646550467789,-0.000250699100675074,-3.0190206418223773
0.9910000000000008,7.735075444114369,8.634173287237514,-0.000250699100675074,-3.0190206418223773
0.9920000000000008,7.743709617401607,8.623701649498807,-0.000250699100675074,-3.0190206418223773
0.9930000000000008,7.752333319051106,8.613231635029315,-0.000250699100675074,-3.0190206418223773
0.9940000000000008,7.760946550686135,8.60276324160795,-0.000250699100675074,-3.0190206418223773
0.9950000000000008,7.769549313927743,8.592296467014876,-0.000250699100675074,-3.0190206418223773
0.9960000000000008,7.778141610394758,8.58183130903152,-0.000250699100675074,-3.0190206418223773
0.9970000000000008,7.786723441703789,8.571367765440563,-0.000250699100675074,-3.0190206418223773
0.9980000000000008,7.79529480946923,8.56090583402594,-0.000250699100675074,-3.0190206418223773
0.9990000000000008,7.803855715303255,8.550445512572834,-0.000250699100675074,-3.0190206418223773
1.0000000000000007,7.812406160815828,8.53998679886768,-0.000250699100675074,-3.0190206418223773
1.0010000000000006,7.820946147614696,8.529529690698162,-0.000250699100675074,-3.0190206418223773
1.0020000000000004,7.8294756773053935,8.519074185853203,-0.000250699100675074,-3.0190206418223773
1.0030000000000003,7.837994751491247,8.508620282122974,-0.000250699100675074,-3.0190206418223773
1.0040000000000002,7.8465033717733705,8.49816797729889,-0.000250699100675074,-3.0190206418223773
1.0050000000000001,7.85500153975067,8.487717269173595,-0.000250699100675074,-3.0190206418223773
1.006,7.863489257019843,8.477268155540981,-0.000250699100675074,-3.0190206418223773
1.007,7.8719665251753845,8.466820634196171,-0.000250699100675074,-3.0190206418223773
1.0079999999999998,7.880433345809581,8.456374702935522,-0.000250699100675074,-3.0190206418223773
1.0089999999999997,7.888889720512516,8.445930359556618,-0.000250699100675074,-3.0190206418223773
1.0099999999999996,7.897335650872073,8.435487601858279,-0.000250699100675074,-3.0190206418223773
1.0109999999999995,7.905771138473931,8.425046427640549,-0.000250699100675074,-3.0190206418223773
1.0119999999999993,7.914196184901571,8.414606834704696,-0.000250699100675074,-3.0190206418223773
1.0129999999999992,7.922610791736275,8.404168820853215,-0.000250699100675074,-3.0190206418223773
1.0139999999999991,7.931014960557128,8.39373238388982,-0.000250699100675074,-3.0190206418223773
1.014999999999999,7.939408692941018,8.383297521619445,-0.000250699100675074,-3.0190206418223773
1.015999999999999,7.947791990462637,8.372864231848242,-0.000250699100675074,-3.0190206418223773
1.0169999999999988,7.956164854694485,8.362432512383577,-0.000250699100675074,-3.0190206418223773
1.0179999999999987,7.964527287206868,8.352002361034033,-0.000250699100675074,-3.0190206418223773
1.0189999999999986,7.972879289567903,8.341573775609401,-0.000250699100675074,-3.0190206418223773
1.0199999999999985,7.981220863343513,8.331146753920683,-0.000250699100675074,-3.0190206418223773
1.0209999999999984,7.989552010097434,8.320721293780089,-0.000250699100675074,-3.0190206418223773
1.0219999999999982,7.9978727313912135,8.310297393001035,-0.000250699100675074,-3.0190206418223773
1.0229999999999981,8.006183028784214,8.299875049398139,-0.000250699100675074,-3.0190206418223773
1.023999999999998,8.014482903833612,8.289454260787224,-0.000250699100675074,-3.0190206418223773
1.024999999999998,8.022772358094398,8.27903502498531,-0.000250699100675074,-3.0190206418223773
1.0259999999999978,8.031051393119384,8.268617339810618,-0.000250699100675074,-3.0190206418223773
1.0269999999999977,8.039320010459194,8.25820120308256,-0.000250699100675074,-3.0190206418223773
1.0279999999999976,8.047578211662277,8.247786612621749,-0.000250699100675074,-3.0190206418223773
1.0289999999999975,8.055825998274898,8.237373566249984,-0.000250699100675074,-3.0190206418223773
1.0299999999999974,8.064063371841147,8.226962061790257,-0.000250699100675074,-3.0190206418223773
1.0309999999999973,8.072290333902938,8.21655209706675,-0.000250699100675074,-3.0190206418223773
1.0319999999999971,8.080506886000006,8.206143669904828,-0.000250699100675074,-3.0190206418223773
1.032999999999997,8.088713029669911,8.19573677813104,-0.000250699100675074,-3.0190206418223773
1.033999999999997,8.096908766448042,8.185331419573124,-0.000250699100675074,-3.0190206418223773
1.0349999999999968,8.105094097867616,8.17492759205999,-0.000250699100675074,-3.0190206418223773
1.0359999999999967,8.113269025459676,8.164525293421732,-0.000250699100675074,-3.0190206418223773
1.0369999999999966,8.121433550753098,8.154124521489619,-0.000250699100675074,-3.0190206418223773
1.0379999999999965,8.129587675274587,8.143725274096095,-0.000250699100675074,-3.0190206418223773
1.0389999999999964,8.137731400548683,8.133327549074776,-0.000250699100675074,-3.0190206418223773
1.0399999999999963,8.145864728097758,8.122931344260452,-0.000250699100675074,-3.0190206418223773
1.0409999999999962,8.153987659442018,8.112536657489079,-0.000250699100675074,-3.0190206418223773
1.041999999999996,8.162100196099507,8.10214348659778,-0.000250699100675074,-3.0190206418223773
1.042999999999996,8.170202339586105,8.091751829424847,-0.000250699100675074,-3.0190206418223773
1.0439999999999958,8.17829409141553,8.081361683809732,-0.000250699100675074,-3.0190206418223773
1.0449999999999957,8.18637545309934,8.070973047593048,-0.000250699100675074,-3.0190206418223773
1.0459999999999956,8.194446426146932,8.06058591861657,-0.000250699100675074,-3.0190206418223773
1.0469999999999955,8.20250701206555,8.050200294723226,-0.000250699100675074,-3.0190206418223773
1.0479999999999954,8.210557212360273,8.039816173757107,-0.000250699100675074,-3.0190206418223773
1.0489999999999953,8.21859702853403,8.02943355356345,-0.000250699100675074,-3.0190206418223773
1.0499999999999952,8.226626462087593,8.019052431988651,-0.000250699100675074,-3.0190206418223773
1.050999999999995,8.234645514519581,8.008672806880252,-0.000250699100675074,-3.0190206418223773
1.051999999999995,8.242654187326462,7.998294676086943,-0.000250699100675074,-3.0190206418223773
1.0529999999999948,8.250652482002549,7.987918037458562,-0.000250699100675074,-3.0190206418223773
1.0539999999999947,8.258640400040008,7.97754288884609,-0.000250699100675074,-3.0190206418223773
1.0549999999999946,8.266617942928853,7.96716922810165,-0.000250699100675074,-3.0190206418223773
1.0559999999999945,8.274585112156956,7.956797053078507,-0.000250699100675074,-3.0190206418223773
1.0569999999999944,8.282541909210034,7.946426361631064,-0.000250699100675074,-3.0190206418223773
1.0579999999999943,8.290488335571665,7.936057151614863,-0.000250699100675074,-3.0190206418223773
1.0589999999999942,8.298424392723279,7.9256894208865765,-0.000250699100675074,-3.0190206418223773
1.059999999999994,8.306350082144165,7.915323167304013,-0.000250699100675074,-3.0190206418223773
1.060999999999994,8.314265405311469,7.904958388726112,-0.000250699100675074,-3.0190206418223773
1.0619999999999938,8.322170363700195,7.894595083012942,-0.000250699100675074,-3.0190206418223773
1.0629999999999937,8.330064958783208,7.884233248025699,-0.000250699100675074,-3.0190206418223773
1.0639999999999936,8.337949192031234,7.873872881626703,-0.000250699100675074,-3.0190206418223773
1.0649999999999935,8.34582306491286,7.8635139816794,-0.000250699100675074,-3.0190206418223773
1.0659999999999934,8.35368657889454,7.853156546048358,-0.000250699100675074,-3.0190206418223773
1.0669999999999933,8.361539735440587,7.842800572599262,-0.000250699100675074,-3.0190206418223773
1.0679999999999932,8.369382536013186,7.832446059198918,-0.000250699100675074,-3.0190206418223773
1.068999999999993,8.377214982072385,7.8220930037152465,-0.000250699100675074,-3.0190206418223773
1.069999999999993,8.3850370750761,7.811741404017284,-0.000250699100675074,-3.0190206418223773
1.0709999999999928,8.392848816480118,7.801391257975179,-0.000250699100675074,-3.0190206418223773
1.0719999999999927,8.400650207738094,7.791042563460189,-0.000250699100675074,-3.0190206418223773
1.0729999999999926,8.408441250301554,7.780695318344682,-0.000250699100675074,-3.0190206418223773
1.0739999999999925,8.416221945619899,7.7703495205021325,-0.000250699100675074,-3.0190206418223773
1.0749999999999924,8.423992295140401,7.76000516780712,-0.000250699100675074,-3.0190206418223773
1.0759999999999923,8.431752300308208,7.749662258135327,-0.000250699100675074,-3.0190206418223773
1.0769999999999922,8.439501962566343,7.739320789363539,-0.000250699100675074,-3.0190206418223773
1.077999999999992,8.447241283355707,7.728980759369639,-0.000250699100675074,-3.0190206418223773
1.078999999999992,8.454970264115076,7.718642166032609,-0.000250699100675074,-3.0190206418223773
1.0799999999999919,8.462688906281109,7.708305007232527,-0.000250699100675074,-3.0190206418223773
1.0809999999999917,8.470397211288342,7.697969280850563,-0.000250699100675074,-3.0190206418223773
1.0819999999999916,8.478095180569193,7.687634984768982,-0.000250699100675074,-3.0190206418223773
1.0829999999999915,8.485782815553963,7.677302116871138,-0.000250699100675074,-3.0190206418223773
1.0839999999999914,8.493460117670834,7.6669706750414734,-0.000250699100675074,-3.0190206418223773
1.0849999999999913,8.501127088345875,7.656640657165518,-0.000250699100675074,-3.0190206418223773
1.0859999999999912,8.50878372900304,7.646312061129885,-0.000250699100675074,-3.0190206418223773
1.086999999999991,8.51643004106417,7.635984884822273,-0.000250699100675074,-3.0190206418223773
1.087999999999991,8.524066025948994,7.62565912613146,-0.000250699100675074,-3.0190206418223773
1.0889999999999909,8.531691685075126,7.615334782947303,-0.000250699100675074,-3.0190206418223773
1.0899999999999908,8.539307019858073,7.60501185316074,-0.000250699100675074,-3.0190206418223773
1.0909999999999906,8.546912031711233,7.594690334663779,-0.000250699100675074,-3.0190206418223773
1.0919999999999905,8.554506722045897,7.584370225349508,-0.000250699100675074,-3.0190206418223773
1.0929999999999904,8.562091092271245,7.574051523112083,-0.000250699100675074,-3.0190206418223773
1.0939999999999903,8.569665143794358,7.563734225846733,-0.000250699100675074,-3.0190206418223773
1.0949999999999902,8.577228878020206,7.553418331449752,-0.000250699100675074,-3.0190206418223773
1.09599999999999,8.584782296351655,7.543103837818504,-0.000250699100675074,-3.0190206418223773
1.09699999999999,8.592325400189473,7.532790742851416,-0.000250699100675074,-3.0190206418223773
1.0979999999999899,8.599858190932325,7.52247904444798,-0.000250699100675074,-3.0190206418223773
1.0989999999999898,8.607380669976774,7.512168740508748,-0.000250699100675074,-3.0190206418223773
1.0999999999999897,8.614892838717282,7.50185982893533,-0.000250699100675074,-3.0190206418223773
1.1009999999999895,8.622394698546216,7.491552307630395,-0.000250699100675074,-3.0190206418223773
1.1019999999999894,8.629886250853847,7.48124617449767,-0.000250699100675074,-3.0190206418223773
1.1029999999999893,8.637367497028345,7.470941427441933,-0.000250699100675074,-3.0190206418223773
1.1039999999999892,8.644838438455787,7.460638064369015,-0.000250699100675074,-3.0190206418223773
1.104999999999989,8.652299076520157,7.450336083185798,-0.000250699100675074,-3.0190206418223773
1.105999999999989,8.659749412603343,7.440035481800212,-0.000250699100675074,-3.0190206418223773
1.1069999999999889,8.667189448085143,7.429736258121235,-0.000250699100675074,-3.0190206418223773
1.1079999999999888,8.674619184343264,7.419438410058888,-0.000250699100675074,-3.0190206418223773
1.1089999999999887,8.682038622753323,7.409141935524238,-0.000250699100675074,-3.0190206418223773
1.1099999999999886,8.689447764688847,7.398846832429391,-0.000250699100675074,-3.0190206418223773
1.1109999999999884,8.696846611521277,7.3885530986874945,-0.000250699100675074,-3.0190206418223773
1.1119999999999883,8.704235164619964,7.378260732212733,-0.000250699100675074,-3.0190206418223773
1.1129999999999882,8.711613425352176,7.367969730920327,-0.000250699100675074,-3.0190206418223773
1.113999999999988,8.718981395083096,7.3576800927265325,-0.000250699100675074,-3.0190206418223773
1.114999999999988,8.726339075175822,7.347391815548637,-0.000250699100675074,-3.0190206418223773
1.115999999999988,8.73368646699137,7.337104897304958,-0.000250699100675074,-3.0190206418223773
1.1169999999999878,8.741023571888675,7.326819335914846,-0.000250699100675074,-3.0190206418223773
1.1179999999999877,8.74835039122459,7.316535129298673,-0.000250699100675074,-3.0190206418223773
1.1189999999999876,8.75566692635389,7.306252275377841,-0.000250699100675074,-3.0190206418223773
1.1199999999999875,8.762973178629267,7.2959707720747735,-0.000250699100675074,-3.0190206418223773
1.1209999999999873,8.770269149401342,7.285690617312917,-0.000250699100675074,-3.0190206418223773
1.1219999999999872,8.777554840018654,7.275411809016737,-0.000250699100675074,-3.0190206418223773
1.1229999999999871,8.784830251827671,7.265134345111719,-0.000250699100675074,-3.0190206418223773
1.123999999999987,8.792095386172782,7.254858223524365,-0.000250699100675074,-3.0190206418223773
1.124999999999987,8.799350244396306,7.244583442182189,-0.000250699100675074,-3.0190206418223773
1.1259999999999868,8.806594827838488,7.234309999013722,-0.000250699100675074,-3.0190206418223773
1.1269999999999867,8.813829137837502,7.224037891948504,-0.000250699100675074,-3.0190206418223773
1.1279999999999866,8.82105317572945,7.213767118917087,-0.000250699100675074,-3.0190206418223773
1.1289999999999865,8.828266942848368,7.2034976778510265,-0.000250699100675074,-3.0190206418223773
1.1299999999999863,8.835470440526219,7.193229566682889,-0.000250699100675074,-3.0190206418223773
1.1309999999999862,8.842663670092902,7.182962783346242,-0.000250699100675074,-3.0190206418223773
1.1319999999999861,8.849846632876249,7.172697325775657,-0.000250699100675074,-3.0190206418223773
1.132999999999986,8.857019330202025,7.1624331919067075,-0.000250699100675074,-3.0190206418223773
1.133999999999986,8.864181763393931,7.152170379675963,-0.000250699100675074,-3.0190206418223773
1.1349999999999858,8.871333933773608,7.141908887020992,-0.000250699100675074,-3.0190206418223773
1.1359999999999857,8.87847584266063,7.131648711880359,-0.000250699100675074,-3.0190206418223773
1.1369999999999856,8.88560749137251,7.121389852193623,-0.000250699100675074,-3.0190206418223773
1.1379999999999855,8.892728881224702,7.111132305901333,-0.000250699100675074,-3.0190206418223773
1.1389999999999854,8.899840013530603,7.10087607094503,-0.000250699100675074,-3.0190206418223773
1.1399999999999852,8.906940889601549,7.090621145267243,-0.000250699100675074,-3.0190206418223773
1.1409999999999851,8.914031510746815,7.080367526811489,-0.000250699100675074,-3.0190206418223773
1.141999999999985,8.921111878273626,7.070115213522269,-0.000250699100675074,-3.0190206418223773
1.142999999999985,8.928181993487149,7.059864203345067,-0.000250699100675074,-3.0190206418223773
1.1439999999999848,8.935241857690494,7.049614494226351,-0.000250699100675074,-3.0190206418223773
1.1449999999999847,8.94229147218472,7.039366084113565,-0.000250699100675074,-3.0190206418223773
1.1459999999999846,8.949330838268834,7.029118970955137,-0.000250699100675074,-3.0190206418223773
1.1469999999999845,8.956359957239789,7.018873152700467,-0.000250699100675074,-3.0190206418223773
1.1479999999999844,8.96337883039249,7.00862862729993,-0.000250699100675074,-3.0190206418223773
1.1489999999999843,8.97038745901979,6.9983853927048765,-0.000250699100675074,-3.0190206418223773
1.1499999999999841,8.977385844412495,6.9881434468676265,-0.000250699100675074,-3.0190206418223773
1.150999999999984,8.984373987859364,6.9779027877414705,-0.000250699100675074,-3.0190206418223773
1.151999999999984,8.991351890647106,6.967663413280667,-0.000250699100675074,-3.0190206418223773
1.1529999999999838,8.998319554060387,6.957425321440441,-0.000250699100675074,-3.0190206418223773
1.1539999999999837,9.005276979381827,6.94718851017698,-0.000250699100675074,-3.0190206418223773
1.1549999999999836,9.012224167892004,6.9369529774474366,-0.000250699100675074,-3.0190206418223773
1.1559999999999835,9.019161120869452,6.926718721209923,-0.000250699100675074,-3.0190206418223773
1.1569999999999834,9.026087839590662,6.9164857394235115,-0.000250699100675074,-3.0190206418223773
1.1579999999999833,9.033004325330086,6.906254030048232,-0.000250699100675074,-3.0190206418223773
1.1589999999999832,9.039910579360134,6.89602359104507,-0.000250699100675074,-3.0190206418223773
1.159999999999983,9.046806602951179,6.885794420375967,-0.000250699100675074,-3.0190206418223773
1.160999999999983,9.053692397371554,6.875566516003813,-0.000250699100675074,-3.0190206418223773
1.1619999999999828,9.060567963887557,6.865339875892453,-0.000250699100675074,-3.0190206418223773
1.1629999999999827,9.06743330376345,6.85511449800668,-0.000250699100675074,-3.0190206418223773
1.1639999999999826,9.074288418261457,6.844890380312233,-0.000250699100675074,-3.0190206418223773
1.1649999999999825,9.08113330864177,6.834667520775797,-0.000250699100675074,-3.0190206418223773
1.1659999999999824,9.087967976162545,6.824445917365003,-0.000250699100675074,-3.0190206418223773
1.1669999999999823,9.09479242207991,6.814225568048423,-0.000250699100675074,-3.0190206418223773
1.1679999999999822,9.101606647647959,6.804006470795569,-0.000250699100675074,-3.0190206418223773
1.168999999999982,9.108410654118755,6.793788623576893,-0.000250699100675074,-3.0190206418223773
1.169999999999982,9.115204442742332,6.783572024363784,-0.000250699100675074,-3.0190206418223773
1.1709999999999818,9.121988014766696,6.7733566711285675,-0.000250699100675074,-3.0190206418223773
1.1719999999999817,9.128761371437825,6.763142561844501,-0.000250699100675074,-3.0190206418223773
1.1729999999999816,9.13552451399967,6.752929694485775,-0.000250699100675074,-3.0190206418223773
1.1739999999999815,9.142277443694155,6.742718067027511,-0.000250699100675074,-3.0190206418223773
1.1749999999999814,9.149020161761182,6.732507677445758,-0.000250699100675074,-3.0190206418223773
1.1759999999999813,9.155752669438629,6.722298523717495,-0.000250699100675074,-3.0190206418223773
1.1769999999999812,9.162474967962346,6.712090603820624,-0.000250699100675074,-3.0190206418223773
1.177999999999981,9.169187058566166,6.701883915733971,-0.000250699100675074,-3.0190206418223773
1.178999999999981,9.1758889424819,6.691678457437285,-0.000250699100675074,-3.0190206418223773
1.1799999999999808,9.182580620939337,6.681474226911235,-0.000250699100675074,-3.0190206418223773
1.1809999999999807,9.189262095166248,6.671271222137409,-0.000250699100675074,-3.0190206418223773
1.1819999999999806,9.195933366388385,6.661069441098312,-0.000250699100675074,-3.0190206418223773
1.1829999999999805,9.202594435829482,6.650868881777364,-0.000250699100675074,-3.0190206418223773
1.1839999999999804,9.20924530471126,6.6406695421589,-0.000250699100675074,-3.0190206418223773
1.1849999999999803,9.21588597425342,6.630471420228165,-0.000250699100675074,-3.0190206418223773
1.1859999999999802,9.222516445673648,6.620274513971316,-0.000250699100675074,-3.0190206418223773
1.18699999999998,9.229136720187618,6.61007882137542,-0.000250699100675074,-3.0190206418223773
1.18799999999998,9.235746799008993,6.5998843404284475,-0.000250699100675074,-3.0190206418223773
1.1889999999999799,9.242346683349421,6.589691069119278,-0.000250699100675074,-3.0190206418223773
1.1899999999999797,9.248936374418541,6.579499005437692,-0.000250699100675074,-3.0190206418223773
1.1909999999999796,9.25551587342398,6.569308147374375,-0.000250699100675074,-3.0190206418223773
1.1919999999999795,9.262085181571354,6.559118492920911,-0.000250699100675074,-3.0190206418223773
1.1929999999999794,9.268644300064276,6.5489300400697825,-0.000250699100675074,-3.0190206418223773
1.1939999999999793,9.275193230104346,6.53874278681437,-0.000250699100675074,-3.0190206418223773
1.1949999999999792,9.28173197289116,6.52855673114895,-0.000250699100675074,-3.0190206418223773
1.195999999999979,9.28826052962231,6.518371871068692,-0.000250699100675074,-3.0190206418223773
1.196999999999979,9.294778901493379,6.508188204569658,-0.000250699100675074,-3.0190206418223773
1.1979999999999789,9.301287089697949,6.498005729648799,-0.000250699100675074,-3.0190206418223773
1.1989999999999787,9.307785095427597,6.487824444303959,-0.000250699100675074,-3.0190206418223773
1.1999999999999786,9.314272919871902,6.4776443465338645,-0.000250699100675074,-3.0190206418223773
1.2009999999999785,9.320750564218436,6.467465434338131,-0.000250699100675074,-3.0190206418223773
1.2019999999999784,9.327218029652775,6.457287705717256,-0.000250699100675074,-3.0190206418223773
1.2029999999999783,9.333675317358493,6.447111158672621,-0.000250699100675074,-3.0190206418223773
1.2039999999999782,9.340122428517166,6.436935791206487,-0.000250699100675074,-3.0190206418223773
1.204999999999978,9.346559364308373,6.426761601321994,-0.000250699100675074,-3.0190206418223773
1.205999999999978,9.352986125909695,6.416588587023159,-0.000250699100675074,-3.0190206418223773
1.2069999999999779,9.359402714496717,6.406416746314877,-0.000250699100675074,-3.0190206418223773
1.2079999999999778,9.365809131243031,6.396246077202914,-0.000250699100675074,-3.0190206418223773
1.2089999999999776,9.372205377320235,6.3860765776939115,-0.000250699100675074,-3.0190206418223773
1.2099999999999775,9.37859145389793,6.37590824579538,-0.000250699100675074,-3.0190206418223773
1.2109999999999774,9.384967362143724,6.365741079515701,-0.000250699100675074,-3.0190206418223773
1.2119999999999773,9.39133310322324,6.35557507686412,-0.000250699100675074,-3.0190206418223773
1.2129999999999772,9.397688678300103,6.345410235850753,-0.000250699100675074,-3.0190206418223773
1.213999999999977,9.404034088535953,6.335246554486578,-0.000250699100675074,-3.0190206418223773
1.214999999999977,9.41036933509044,6.325084030783436,-0.000250699100675074,-3.0190206418223773
1.2159999999999769,9.416694419121223,6.314922662754029,-0.000250699100675074,-3.0190206418223773
1.2169999999999768,9.423009341783978,6.304762448411918,-0.000250699100675074,-3.0190206418223773
1.2179999999999767,9.42931410423239,6.294603385771523,-0.000250699100675074,-3.0190206418223773
1.2189999999999765,9.435608707618162,6.28444547284812,-0.000250699100675074,-3.0190206418223773
1.2199999999999764,9.44189315309101,6.274288707657839,-0.000250699100675074,-3.0190206418223773
1.2209999999999763,9.448167441798669,6.2641330882176645,-0.000250699100675074,-3.0190206418223773
1.2219999999999762,9.454431574886886,6.25397861254543,-0.000250699100675074,-3.0190206418223773
1.222999999999976,9.460685553499431,6.243825278659822,-0.000250699100675074,-3.0190206418223773
1.223999999999976,9.46692937877809,6.233673084580371,-0.000250699100675074,-3.0190206418223773
1.2249999999999759,9.47316305186267,6.223522028327458,-0.000250699100675074,-3.0190206418223773
1.2259999999999758,9.479386573890997,6.213372107922307,-0.000250699100675074,-3.0190206418223773
1.2269999999999757,9.485599945998919,6.203223321386986,-0.000250699100675074,-3.0190206418223773
1.2279999999999756,9.491803169320306,6.193075666744404,-0.000250699100675074,-3.0190206418223773
1.2289999999999754,9.49799624498705,6.1829291420183115,-0.000250699100675074,-3.0190206418223773
1.2299999999999753,9.504179174129067,6.172783745233295,-0.000250699100675074,-3.0190206418223773
1.2309999999999752,9.5103519578743,6.162639474414782,-0.000250699100675074,-3.0190206418223773
1.2319999999999751,9.516514597348715,6.152496327589031,-0.000250699100675074,-3.0190206418223773
1.232999999999975,9.522667093676304,6.142354302783136,-0.000250699100675074,-3.0190206418223773
1.233999999999975,9.528809447979087,6.1322133980250255,-0.000250699100675074,-3.0190206418223773
1.2349999999999748,9.534941661377113,6.122073611343454,-0.000250699100675074,-3.0190206418223773
1.2359999999999747,9.541063734988457,6.111934940768009,-0.000250699100675074,-3.0190206418223773
1.2369999999999746,9.547175669929224,6.101797384329103,-0.000250699100675074,-3.0190206418223773
1.2379999999999745,9.553277467313553,6.091660940057975,-0.000250699100675074,-3.0190206418223773
1.2389999999999743,9.55936912825361,6.081525605986688,-0.000250699100675074,-3.0190206418223773
1.2399999999999742,9.565450653859598,6.0713913801481265,-0.000250699100675074,-3.0190206418223773
1.2409999999999741,9.571522045239746,6.061258260575999,-0.000250699100675074,-3.0190206418223773
1.241999999999974,9.577583303500322,6.051126245304831,-0.000250699100675074,-3.0190206418223773
1.242999999999974,9.583634429745628,6.040995332369965,-0.000250699100675074,-3.0190206418223773
1.2439999999999738,9.589675425077997,6.030865519807563,-0.000250699100675074,-3.0190206418223773
1.2449999999999737,9.595706290597805,6.0207368056545985,-0.000250699100675074,-3.0190206418223773
1.2459999999999736,9.60172702740346,6.01060918794886,-0.000250699100675074,-3.0190206418223773
1.2469999999999735,9.60773763659141,6.0004826647289455,-0.000250699100675074,-3.0190206418223773
1.2479999999999734,9.613738119256139,5.990357234034265,-0.000250699100675074,-3.0190206418223773
1.2489999999999732,9.619728476490174,5.980232893905036,-0.000250699100675074,-3.0190206418223773
1.2499999999999731,9.625708709384078,5.970109642382282,-0.000250699100675074,-3.0190206418223773
1.250999999999973,9.63167881902646,5.959987477507833,-0.000250699100675074,-3.0190206418223773
1.251999999999973,9.637638806503968,5.949866397324321,-0.000250699100675074,-3.0190206418223773
1.2529999999999728,9.643588672901293,5.939746399875181,-0.000250699100675074,-3.0190206418223773
1.2539999999999727,9.649528419301168,5.92962748320465,-0.000250699100675074,-3.0190206418223773
1.2549999999999726,9.655458046784373,5.91950964535776,-0.000250699100675074,-3.0190206418223773
1.2559999999999725,9.66137755642973,5.909392884380344,-0.000250699100675074,-3.0190206418223773
1.2569999999999724,9.66728694931411,5.8992771983190275,-0.000250699100675074,-3.0190206418223773
1.2579999999999723,9.67318622651243,5.889162585221234,-0.000250699100675074,-3.0190206418223773
1.2589999999999721,9.679075389097651,5.8790490431351765,-0.000250699100675074,-3.0190206418223773
1.259999999999972,9.684954438140787,5.8689365701098595,-0.000250699100675074,-3.0190206418223773
1.260999999999972,9.690823374710897,5.858825164195078,-0.000250699100675074,-3.0190206418223773
1.2619999999999718,9.696682199875092,5.848714823441415,-0.000250699100675074,-3.0190206418223773
1.2629999999999717,9.702530914698533,5.838605545900238,-0.000250699100675074,-3.0190206418223773
1.2639999999999716,9.708369520244434,5.828497329623701,-0.000250699100675074,-3.0190206418223773
1.2649999999999715,9.714198017574057,5.818390172664741,-0.000250699100675074,-3.0190206418223773
1.2659999999999714,9.720016407746723,5.808284073077076,-0.000250699100675074,-3.0190206418223773
1.2669999999999713,9.725824691819799,5.798179028915205,-0.000250699100675074,-3.0190206418223773
1.2679999999999712,9.731622870848714,5.788075038234403,-0.000250699100675074,-3.0190206418223773
1.268999999999971,9.737410945886948,5.777972099090727,-0.000250699100675074,-3.0190206418223773
1.269999999999971,9.74318891798604,5.767870209541004,-0.000250699100675074,-3.0190206418223773
1.2709999999999708,9.74895678819558,5.757769367642839,-0.000250699100675074,-3.0190206418223773
1.2719999999999707,9.754714557563222,5.747669571454608,-0.000250699100675074,-3.0190206418223773
1.2729999999999706,9.760462227134676,5.737570819035456,-0.000250699100675074,-3.0190206418223773
1.2739999999999705,9.76619979795371,5.7274731084453,-0.000250699100675074,-3.0190206418223773
1.2749999999999704,9.771927271062156,5.717376437744822,-0.000250699100675074,-3.0190206418223773
1.2759999999999703,9.777644647499901,5.707280804995474,-0.000250699100675074,-3.0190206418223773
1.2769999999999702,9.783351928304898,5.697186208259468,-0.000250699100675074,-3.0190206418223773
1.27799999999997,9.789049114513157,5.6870926455997814,-0.000250699100675074,-3.0190206418223773
1.27899999999997,9.794736207158756,5.677000115080154,-0.000250699100675074,-3.0190206418223773
1.2799999999999698,9.800413207273836,5.6669086147650845,-0.000250699100675074,-3.0190206418223773
1.2809999999999697,9.806080115888602,5.65681814271983,-0.000250699100675074,-3.0190206418223773
1.2819999999999696,9.811736934031321,5.646728697010405,-0.000250699100675074,-3.0190206418223773
1.2829999999999695,9.817383662728332,5.636640275703579,-0.000250699100675074,-3.0190206418223773
1.2839999999999694,9.823020303004036,5.626552876866874,-0.000250699100675074,-3.0190206418223773
1.2849999999999693,9.828646855880903,5.616466498568569,-0.000250699100675074,-3.0190206418223773
1.2859999999999692,9.834263322379472,5.606381138877687,-0.000250699100675074,-3.0190206418223773
1.286999999999969,9.83986970351835,5.5962967958640055,-0.000250699100675074,-3.0190206418223773
1.287999999999969,9.845466000314213,5.586213467598047,-0.000250699100675074,-3.0190206418223773
1.2889999999999688,9.851052213781811,5.576131152151082,-0.000250699100675074,-3.0190206418223773
1.2899999999999687,9.856628344933963,5.566049847595124,-0.000250699100675074,-3.0190206418223773
1.2909999999999686,9.862194394781557,5.5559695520029315,-0.000250699100675074,-3.0190206418223773
1.2919999999999685,9.86775036433356,5.545890263448002,-0.000250699100675074,-3.0190206418223773
1.2929999999999684,9.873296254597008,5.535811980004576,-0.000250699100675074,-3.0190206418223773
1.2939999999999683,9.878832066577013,5.52573469974763,-0.000250699100675074,-3.0190206418223773
1.2949999999999682,9.88435780127676,5.51565842075288,-0.000250699100675074,-3.0190206418223773
1.295999999999968,9.889873459697514,5.505583141096774,-0.000250699100675074,-3.0190206418223773
1.296999999999968,9.895379042838611,5.495508858856498,-0.000250699100675074,-3.0190206418223773
1.2979999999999678,9.900874551697468,5.485435572109967,-0.000250699100675074,-3.0190206418223773
1.2989999999999677,9.906359987269578,5.475363278935831,-0.000250699100675074,-3.0190206418223773
1.2999999999999676,9.911835350548515,5.4652919774134645,-0.000250699100675074,-3.0190206418223773
1.3009999999999675,9.917300642525928,5.4552216656229735,-0.000250699100675074,-3.0190206418223773
1.3019999999999674,9.92275586419155,5.445152341645189,-0.000250699100675074,-3.0190206418223773
1.3029999999999673,9.928201016533196,5.435084003561667,-0.000250699100675074,-3.0190206418223773
1.3039999999999672,9.933636100536757,5.425016649454688,-0.000250699100675074,-3.0190206418223773
1.304999999999967,9.939061117186212,5.414950277407252,-0.000250699100675074,-3.0190206418223773
1.305999999999967,9.944476067463619,5.404884885503082,-0.000250699100675074,-3.0190206418223773
1.3069999999999669,9.949880952349123,5.394820471826619,-0.000250699100675074,-3.0190206418223773
1.3079999999999667,9.955275772820949,5.38475703446302,-0.000250699100675074,-3.0190206418223773
1.3089999999999666,9.960660529855412,5.374694571498158,-0.000250699100675074,-3.0190206418223773
1.3099999999999665,9.96603522442691,5.3646330810186225,-0.000250699100675074,-3.0190206418223773
1.3109999999999664,9.97139985750793,5.3545725611117145,-0.000250699100675074,-3.0190206418223773
1.3119999999999663,9.976754430069041,5.344513009865445,-0.000250699100675074,-3.0190206418223773
1.3129999999999662,9.982098943078906,5.334454425368538,-0.000250699100675074,-3.0190206418223773
1.313999999999966,9.987433397504274,5.324396805710422,-0.000250699100675074,-3.0190206418223773
1.314999999999966,9.992757794309984,5.314340148981236,-0.000250699100675074,-3.0190206418223773
1.3159999999999659,9.998072134458965,5.304284453271821,-0.000250699100675074,-3.0190206418223773
1.3169999999999658,10.003376418912238,5.294229716673724,-0.000250699100675074,-3.0190206418223773
1.3179999999999656,10.008670648628911,5.284175937279195,-0.000250699100675074,-3.0190206418223773
1.3189999999999655,10.01395482456619,5.274123113181181,-0.000250699100675074,-3.0190206418223773
1.3199999999999654,10.019228947679371,5.264071242473333,-0.000250699100675074,-3.0190206418223773
1.3209999999999653,10.024493018921845,5.254020323249997,-0.000250699100675074,-3.0190206418223773
1.3219999999999652,10.029747039245095,5.243970353606216,-0.000250699100675074,-3.0190206418223773
1.322999999999965,10.0349910095987,5.233921331637728,-0.000250699100675074,-3.0190206418223773
1.323999999999965,10.040224930930338,5.223873255440965,-0.000250699100675074,-3.0190206418223773
1.3249999999999649,10.045448804185778,5.213826123113048,-0.000250699100675074,-3.0190206418223773
1.3259999999999648,10.05066263030889,5.203779932751792,-0.000250699100675074,-3.0190206418223773
1.3269999999999647,10.055866410241642,5.193734682455701,-0.000250699100675074,-3.0190206418223773
1.3279999999999645,10.061060144924097,5.183690370323963,-0.000250699100675074,-3.0190206418223773
1.3289999999999644,10.06624383529442,5.173646994456454,-0.000250699100675074,-3.0190206418223773
1.3299999999999643,10.071417482288878,5.163604552953735,-0.000250699100675074,-3.0190206418223773
1.3309999999999642,10.07658108684183,5.153563043917049,-0.000250699100675074,-3.0190206418223773
1.331999999999964,10.081734649885748,5.143522465448321,-0.000250699100675074,-3.0190206418223773
1.332999999999964,10.086878172351197,5.133482815650155,-0.000250699100675074,-3.0190206418223773
1.3339999999999639,10.092011655166846,5.123444092625835,-0.000250699100675074,-3.0190206418223773
1.3349999999999638,10.097135099259472,5.113406294479321,-0.000250699100675074,-3.0190206418223773
1.3359999999999637,10.10224850555395,5.10336941931525,-0.000250699100675074,-3.0190206418223773
1.3369999999999636,10.107351874973265,5.093333465238931,-0.000250699100675074,-3.0190206418223773
1.3379999999999634,10.112445208438503,5.083298430356348,-0.000250699100675074,-3.0190206418223773
1.3389999999999633,10.11752850686886,5.073264312774153,-0.000250699100675074,-3.0190206418223773
1.3399999999999632,10.122601771181634,5.063231110599671,-0.000250699100675074,-3.0190206418223773
1.340999999999963,10.127665002292233,5.053198821940893,-0.000250699100675074,-3.0190206418223773
1.341999999999963,10.132718201114173,5.043167444906478,-0.000250699100675074,-3.0190206418223773
1.342999999999963,10.13776136855908,5.03313697760575,-0.000250699100675074,-3.0190206418223773
1.3439999999999628,10.142794505536685,5.023107418148696,-0.000250699100675074,-3.0190206418223773
1.3449999999999627,10.147817612954833,5.013078764645965,-0.000250699100675074,-3.0190206418223773
1.3459999999999626,10.15283069171948,5.00305101520887,-0.000250699100675074,-3.0190206418223773
1.3469999999999624,10.157833742734688,4.99302416794938,-0.000250699100675074,-3.0190206418223773
1.3479999999999623,10.162826766902638,4.982998220980123,-0.000250699100675074,-3.0190206418223773
1.3489999999999622,10.167809765123618,4.972973172414385,-0.000250699100675074,-3.0190206418223773
1.3499999999999621,10.172782738296032,4.962949020366103,-0.000250699100675074,-3.0190206418223773
1.350999999999962,10.177745687316397,4.952925762949872,-0.000250699100675074,-3.0190206418223773
1.351999999999962,10.182698613079348,4.9429033982809365,-0.000250699100675074,-3.0190206418223773
1.3529999999999618,10.187641516477628,4.932881924475193,-0.000250699100675074,-3.0190206418223773
1.3539999999999617,10.192574398402103,4.922861339649187,-0.000250699100675074,-3.0190206418223773
1.3549999999999616,10.197497259741752,4.91284164192011,-0.000250699100675074,-3.0190206418223773
1.3559999999999615,10.202410101383672,4.902822829405802,-0.000250699100675074,-3.0190206418223773
1.3569999999999613,10.207312924213078,4.892804900224747,-0.000250699100675074,-3.0190206418223773
1.3579999999999612,10.212205729113302,4.8827878524960715,-0.000250699100675074,-3.0190206418223773
1.3589999999999611,10.217088516965799,4.872771684339545,-0.000250699100675074,-3.0190206418223773
1.359999999999961,10.221961288650139,4.862756393875578,-0.000250699100675074,-3.0190206418223773
1.360999999999961,10.226824045044014,4.852741979225217,-0.000250699100675074,-3.0190206418223773
1.3619999999999608,10.231676787023238,4.84272843851015,-0.000250699100675074,-3.0190206418223773
1.3629999999999607,10.236519515461747,4.832715769852698,-0.000250699100675074,-3.0190206418223773
1.3639999999999606,10.2413522312316,4.8227039713758195,-0.000250699100675074,-3.0190206418223773
1.3649999999999605,10.246174935202976,4.8126930412031035,-0.000250699100675074,-3.0190206418223773
1.3659999999999604,10.250987628244179,4.802682977458772,-0.000250699100675074,-3.0190206418223773
1.3669999999999602,10.255790311221638,4.792673778267677,-0.000250699100675074,-3.0190206418223773
1.3679999999999601,10.260582984999905,4.7826654417553,-0.000250699100675074,-3.0190206418223773
1.36899999999996,10.26536565044166,4.772657966047748,-0.000250699100675074,-3.0190206418223773
1.36999999999996,10.270138308407708,4.762651349271757,-0.000250699100675074,-3.0190206418223773
1.3709999999999598,10.274900959756978,4.752645589554686,-0.000250699100675074,-3.0190206418223773
1.3719999999999597,10.279653605346533,4.742640685024517,-0.000250699100675074,-3.0190206418223773
1.3729999999999596,10.284396246031559,4.732636633809853,-0.000250699100675074,-3.0190206418223773
1.3739999999999595,10.289128882665368,4.722633434039918,-0.000250699100675074,-3.0190206418223773
1.3749999999999594,10.293851516099409,4.712631083844555,-0.000250699100675074,-3.0190206418223773
1.3759999999999593,10.298564147183253,4.702629581354225,-0.000250699100675074,-3.0190206418223773
1.3769999999999591,10.303266776764607,4.692628924700004,-0.000250699100675074,-3.0190206418223773
1.377999999999959,10.307959405689306,4.682629112013581,-0.000250699100675074,-3.0190206418223773
1.378999999999959,10.31264203480132,4.672630141427261,-0.000250699100675074,-3.0190206418223773
1.3799999999999588,10.317314664942746,4.662632011073958,-0.000250699100675074,-3.0190206418223773
1.3809999999999587,10.32197729695382,4.652634719087199,-0.000250699100675074,-3.0190206418223773
1.3819999999999586,10.326629931672908,4.642638263601117,-0.000250699100675074,-3.0190206418223773
1.3829999999999585,10.331272569936509,4.6326426427504535,-0.000250699100675074,-3.0190206418223773
1.3839999999999584,10.33590521257926,4.622647854670556,-0.000250699100675074,-3.0190206418223773
1.3849999999999583,10.34052786043393,4.612653897497377,-0.000250699100675074,-3.0190206418223773
1.3859999999999582,10.345140514331428,4.60266076936747,-0.000250699100675074,-3.0190206418223773
1.386999999999958,10.349743175100796,4.592668468417993,-0.000250699100675074,-3.0190206418223773
1.387999999999958,10.354335843569213,4.582676992786701,-0.000250699100675074,-3.0190206418223773
1.3889999999999578,10.358918520562,4.572686340611951,-0.000250699100675074,-3.0190206418223773
1.3899999999999577,10.363491206902612,4.562696510032695,-0.000250699100675074,-3.0190206418223773
1.3909999999999576,10.368053903412644,4.5527074991884815,-0.000250699100675074,-3.0190206418223773
1.3919999999999575,10.372606610911832,4.542719306219454,-0.000250699100675074,-3.0190206418223773
1.3929999999999574,10.377149330218051,4.532731929266349,-0.000250699100675074,-3.0190206418223773
1.3939999999999573,10.381682062147318,4.522745366470495,-0.000250699100675074,-3.0190206418223773
1.3949999999999572,10.386204807513788,4.51275961597381,-0.000250699100675074,-3.0190206418223773
1.395999999999957,10.390717567129762,4.5027746759188,-0.000250699100675074,-3.0190206418223773
1.396999999999957,10.39522034180568,4.49279054444856,-0.000250699100675074,-3.0190206418223773
1.3979999999999568,10.39971313235013,4.482807219706771,-0.000250699100675074,-3.0190206418223773
1.3989999999999567,10.404195939569837,4.472824699837697,-0.000250699100675074,-3.0190206418223773
1.3999999999999566,10.408668764269674,4.462842982986188,-0.000250699100675074,-3.0190206418223773
1.4009999999999565,10.41313160725266,4.452862067297672,-0.000250699100675074,-3.0190206418223773
1.4019999999999564,10.417584469319959,4.44288195091816,-0.000250699100675074,-3.0190206418223773
1.4029999999999563,10.422027351270877,4.432902631994241,-0.000250699100675074,-3.0190206418223773
1.4039999999999562,10.42646025390287,4.422924108673082,-0.000250699100675074,-3.0190206418223773
1.404999999999956,10.430883178011545,4.412946379102426,-0.000250699100675074,-3.0190206418223773
1.405999999999956,10.435296124390646,4.4029694414305895,-0.000250699100675074,-3.0190206418223773
1.4069999999999558,10.439699093832077,4.392993293806465,-0.000250699100675074,-3.0190206418223773
1.4079999999999557,10.444092087125883,4.383017934379514,-0.000250699100675074,-3.0190206418223773
1.4089999999999556,10.448475105060263,4.373043361299771,-0.000250699100675074,-3.0190206418223773
1.4099999999999555,10.452848148421563,4.363069572717836,-0.000250699100675074,-3.0190206418223773
1.4109999999999554,10.45721121799428,4.353096566784881,-0.000250699100675074,-3.0190206418223773
1.4119999999999553,10.461564314561064,4.343124341652642,-0.000250699100675074,-3.0190206418223773
1.4129999999999552,10.465907438902716,4.333152895473419,-0.000250699100675074,-3.0190206418223773
1.413999999999955,10.47024059179819,4.323182226400077,-0.000250699100675074,-3.0190206418223773
1.414999999999955,10.47456377402459,4.313212332586044,-0.000250699100675074,-3.0190206418223773
1.4159999999999549,10.478876986357177,4.303243212185306,-0.000250699100675074,-3.0190206418223773
1.4169999999999547,10.483180229569362,4.293274863352409,-0.000250699100675074,-3.0190206418223773
1.4179999999999546,10.487473504432714,4.283307284242459,-0.000250699100675074,-3.0190206418223773
1.4189999999999545,10.491756811716956,4.273340473011115,-0.000250699100675074,-3.0190206418223773
1.4199999999999544,10.496030152189967,4.263374427814594,-0.000250699100675074,-3.0190206418223773
1.4209999999999543,10.500293526617781,4.253409146809666,-0.000250699100675074,-3.0190206418223773
1.4219999999999542,10.50454693576459,4.243444628153653,-0.000250699100675074,-3.0190206418223773
1.422999999999954,10.508790380392744,4.233480870004428,-0.000250699100675074,-3.0190206418223773
1.423999999999954,10.513023861262749,4.223517870520412,-0.000250699100675074,-3.0190206418223773
1.4249999999999539,10.51724737913327,4.213555627860577,-0.000250699100675074,-3.0190206418223773
1.4259999999999537,10.52146093476113,4.20359414018444,-0.000250699100675074,-3.0190206418223773
1.4269999999999536,10.525664528901315,4.193633405652062,-0.000250699100675074,-3.0190206418223773
1.4279999999999535,10.529858162306967,4.183673422424051,-0.000250699100675074,-3.0190206418223773
1.4289999999999534,10.534041835729392,4.173714188661556,-0.000250699100675074,-3.0190206418223773
1.4299999999999533,10.538215549918053,4.163755702526267,-0.000250699100675074,-3.0190206418223773
1.4309999999999532,10.54237930562058,4.153797962180413,-0.000250699100675074,-3.0190206418223773
1.431999999999953,10.54653310358276,4.1438409657867625,-0.000250699100675074,-3.0190206418223773
1.432999999999953,10.550676944548547,4.133884711508622,-0.000250699100675074,-3.0190206418223773
1.4339999999999529,10.554810829260056,4.123929197509831,-0.000250699100675074,-3.0190206418223773
1.4349999999999528,10.558934758457566,4.113974421954766,-0.000250699100675074,-3.0190206418223773
1.4359999999999526,10.56304873287952,4.104020383008335,-0.000250699100675074,-3.0190206418223773
1.4369999999999525,10.56715275326253,4.094067078835976,-0.000250699100675074,-3.0190206418223773
1.4379999999999524,10.571246820341365,4.08411450760366,-0.000250699100675074,-3.0190206418223773
1.4389999999999523,10.575330934848969,4.074162667477885,-0.000250699100675074,-3.0190206418223773
1.4399999999999522,10.579405097516448,4.0642115566256765,-0.000250699100675074,-3.0190206418223773
1.440999999999952,10.583469309073074,4.054261173214586,-0.000250699100675074,-3.0190206418223773
1.441999999999952,10.587523570246288,4.04431151541269,-0.000250699100675074,-3.0190206418223773
1.4429999999999519,10.591567881761701,4.034362581388588,-0.000250699100675074,-3.0190206418223773
1.4439999999999518,10.59560224434309,4.0244143693114,-0.000250699100675074,-3.0190206418223773
1.4449999999999517,10.5996266587124,4.0144668773507695,-0.000250699100675074,-3.0190206418223773
1.4459999999999515,10.603641125589752,4.004520103676856,-0.000250699100675074,-3.0190206418223773
1.4469999999999514,10.60764564569343,3.9945740464603383,-0.000250699100675074,-3.0190206418223773
1.4479999999999513,10.61164021973989,3.9846287038724113,-0.000250699100675074,-3.0190206418223773
1.4489999999999512,10.615624848443762,3.9746840740847844,-0.000250699100675074,-3.0190206418223773
1.449999999999951,10.619599532517846,3.9647401552696815,-0.000250699100675074,-3.0190206418223773
1.450999999999951,10.623564272673116,3.9547969455998375,-0.000250699100675074,-3.0190206418223773
1.4519999999999509,10.627519069618716,3.9448544432484987,-0.000250699100675074,-3.0190206418223773
1.4529999999999508,10.631463924061965,3.9349126463894213,-0.000250699100675074,-3.0190206418223773
1.4539999999999507,10.635398836708355,3.924971553196869,-0.000250699100675074,-3.0190206418223773
1.4549999999999506,10.639323808261551,3.9150311618456124,-0.000250699100675074,-3.0190206418223773
1.4559999999999504,10.643238839423397,3.9050914705109276,-0.000250699100675074,-3.0190206418223773
1.4569999999999503,10.647143930893908,3.895152477368595,-0.000250699100675074,-3.0190206418223773
1.4579999999999502,10.651039083371277,3.8852141805948968,-0.000250699100675074,-3.0190206418223773
1.4589999999999501,10.654924297551872,3.875276578366617,-0.000250699100675074,-3.0190206418223773
1.45999999999995,10.658799574130239,3.86533966886104,-0.000250699100675074,-3.0190206418223773
1.46099999999995,10.6626649137991,3.8554034502559476,-0.000250699100675074,-3.0190206418223773
1.4619999999999498,10.666520317249356,3.8454679207296194,-0.000250699100675074,-3.0190206418223773
1.4629999999999497,10.670365785170086,3.8355330784608315,-0.000250699100675074,-3.0190206418223773
1.4639999999999496,10.674201318248546,3.825598921628853,-0.000250699100675074,-3.0190206418223773
1.4649999999999495,10.678026917170175,3.8156654484134473,-0.000250699100675074,-3.0190206418223773
1.4659999999999493,10.68184258261859,3.8057326569948695,-0.000250699100675074,-3.0190206418223773
1.4669999999999492,10.685648315275584,3.795800545553864,-0.000250699100675074,-3.0190206418223773
1.4679999999999491,10.689444115821138,3.7858691122716657,-0.000250699100675074,-3.0190206418223773
1.468999999999949,10.69322998493341,3.775938355329996,-0.000250699100675074,-3.0190206418223773
1.469999999999949,10.69700592328874,3.7660082729110638,-0.000250699100675074,-3.0190206418223773
1.4709999999999488,10.700771931561652,3.7560788631975615,-0.000250699100675074,-3.0190206418223773
1.4719999999999487,10.70452801042485,3.746150124372666,-0.000250699100675074,-3.0190206418223773
1.4729999999999486,10.708274160549223,3.736222054620036,-0.000250699100675074,-3.0190206418223773
1.4739999999999485,10.712010382603843,3.7262946521238125,-0.000250699100675074,-3.0190206418223773
1.4749999999999484,10.715736677255967,3.716367915068614,-0.000250699100675074,-3.0190206418223773
1.4759999999999482,10.719453045171035,3.706441841639539,-0.000250699100675074,-3.0190206418223773
1.4769999999999481,10.723159487012675,3.696516430022161,-0.000250699100675074,-3.0190206418223773
1.477999999999948,10.726856003442697,3.6865916784025305,-0.000250699100675074,-3.0190206418223773
1.478999999999948,10.730542595121099,3.6766675849671717,-0.000250699100675074,-3.0190206418223773
1.4799999999999478,10.734219262706066,3.666744147903082,-0.000250699100675074,-3.0190206418223773
1.4809999999999477,10.73788600685397,3.656821365397729,-0.000250699100675074,-3.0190206418223773
1.4819999999999476,10.741542828219368,3.6468992356390513,-0.000250699100675074,-3.0190206418223773
1.4829999999999475,10.745189727455006,3.636977756815457,-0.000250699100675074,-3.0190206418223773
1.4839999999999474,10.748826705211822,3.62705692711582,-0.000250699100675074,-3.0190206418223773
1.4849999999999473,10.752453762138938,3.617136744729482,-0.000250699100675074,-3.0190206418223773
1.4859999999999471,10.756070898883667,3.6072172078462477,-0.000250699100675074,-3.0190206418223773
1.486999999999947,10.759678116091514,3.597298314656386,-0.000250699100675074,-3.0190206418223773
1.487999999999947,10.76327541440617,3.5873800633506283,-0.000250699100675074,-3.0190206418223773
1.4889999999999468,10.766862794469521,3.577462452120166,-0.000250699100675074,-3.0190206418223773
1.4899999999999467,10.770440256921642,3.56754547915665,-0.000250699100675074,-3.0190206418223773
1.4909999999999466,10.7740078024008,3.5576291426521895,-0.000250699100675074,-3.0190206418223773
1.4919999999999465,10.77756543154345,3.5477134407993502,-0.000250699100675074,-3.0190206418223773
1.4929999999999464,10.78111314498425,3.537798371791153,-0.000250699100675074,-3.0190206418223773
1.4939999999999463,10.784650943356041,3.527883933821073,-0.000250699100675074,-3.0190206418223773
1.4949999999999461,10.788178827289862,3.5179701250830377,-0.000250699100675074,-3.0190206418223773
1.495999999999946,10.791696797414945,3.5080569437714266,-0.000250699100675074,-3.0190206418223773
1.496999999999946,10.795204854358715,3.498144388081068,-0.000250699100675074,-3.0190206418223773
1.4979999999999458,10.798702998746796,3.48823245620724,-0.000250699100675074,-3.0190206418223773
1.4989999999999457,10.802191231203004,3.4783211463456674,-0.000250699100675074,-3.0190206418223773
1.4999999999999456,10.80566955234935,3.468410456692521,-0.000250699100675074,-3.0190206418223773
1.5009999999999455,10.809137962806043,3.458500385444417,-0.000250699100675074,-3.0190206418223773
1.5019999999999454,10.812596463191488,3.4485909307984137,-0.000250699100675074,-3.0190206418223773
1.5029999999999453,10.816045054122286,3.438682090952012,-0.000250699100675074,-3.0190206418223773
1.5039999999999452,10.819483736213238,3.428773864103154,-0.000250699100675074,-3.0190206418223773
1.504999999999945,10.822912510077341,3.41886624845022,-0.000250699100675074,-3.0190206418223773
1.505999999999945,10.826331376325792,3.408959242192029,-0.000250699100675074,-3.0190206418223773
1.5069999999999448,10.829740335567983,3.399052843527836,-0.000250699100675074,-3.0190206418223773
1.5079999999999447,10.833139388411512,3.389147050657333,-0.000250699100675074,-3.0190206418223773
1.5089999999999446,10.83652853546217,3.3792418617806437,-0.000250699100675074,-3.0190206418223773
1.5099999999999445,10.839907777323951,3.369337275098326,-0.000250699100675074,-3.0190206418223773
1.5109999999999444,10.843277114599049,3.359433288811369,-0.000250699100675074,-3.0190206418223773
1.5119999999999443,10.84663654788786,3.349529901121192,-0.000250699100675074,-3.0190206418223773
1.5129999999999442,10.84998607778898,3.3396271102296415,-0.000250699100675074,-3.0190206418223773
1.513999999999944,10.85332570489921,3.329724914338993,-0.000250699100675074,-3.0190206418223773
1.514999999999944,10.856655429813548,3.3198233116519478,-0.000250699100675074,-3.0190206418223773
1.5159999999999438,10.8599752531252,3.309922300371631,-0.000250699100675074,-3.0190206418223773
1.5169999999999437,10.86328517542557,3.300021878701592,-0.000250699100675074,-3.0190206418223773
1.5179999999999436,10.866585197304271,3.2901220448458024,-0.000250699100675074,-3.0190206418223773
1.5189999999999435,10.869875319349116,3.2802227970086535,-0.000250699100675074,-3.0190206418223773
1.5199999999999434,10.873155542146126,3.270324133394957,-0.000250699100675074,-3.0190206418223773
1.5209999999999433,10.87642586627952,3.2604260522099424,-0.000250699100675074,-3.0190206418223773
1.5219999999999432,10.87968629233173,3.250528551659256,-0.000250699100675074,-3.0190206418223773
1.522999999999943,10.882936820883389,3.2406316299489597,-0.000250699100675074,-3.0190206418223773
1.523999999999943,10.886177452513337,3.230735285285529,-0.000250699100675074,-3.0190206418223773
1.5249999999999428,10.889408187798622,3.2208395158758534,-0.000250699100675074,-3.0190206418223773
1.5259999999999427,10.892629027314499,3.2109443199272323,-0.000250699100675074,-3.0190206418223773
1.5269999999999426,10.895839971634425,3.201049695647377,-0.000250699100675074,-3.0190206418223773
1.5279999999999425,10.899041021330072,3.191155641244406,-0.000250699100675074,-3.0190206418223773
1.5289999999999424,10.902232176971317,3.181262154926847,-0.000250699100675074,-3.0190206418223773
1.5299999999999423,10.905413439126244,3.1713692349036333,-0.000250699100675074,-3.0190206418223773
1.5309999999999422,10.908584808361148,3.1614768793841024,-0.000250699100675074,-3.0190206418223773
1.531999999999942,10.911746285240532,3.1515850865779966,-0.000250699100675074,-3.0190206418223773
1.532999999999942,10.91489787032711,3.14169385469546,-0.000250699100675074,-3.0190206418223773
1.5339999999999419,10.918039564181806,3.131803181947037,-0.000250699100675074,-3.0190206418223773
1.5349999999999417,10.921171367363753,3.1219130665436734,-0.000250699100675074,-3.0190206418223773
1.5359999999999416,10.924293280430296,3.112023506696712,-0.000250699100675074,-3.0190206418223773
1.5369999999999415,10.927405303936993,3.102134500617893,-0.000250699100675074,-3.0190206418223773
1.5379999999999414,10.93050743843761,3.092246046519352,-0.000250699100675074,-3.0190206418223773
1.5389999999999413,10.933599684484129,3.0823581426136206,-0.000250699100675074,-3.0190206418223773
1.5399999999999412,10.936682042626742,3.0724707871136214,-0.000250699100675074,-3.0190206418223773
1.540999999999941,10.939754513413856,3.0625839782326705,-0.000250699100675074,-3.0190206418223773
1.541999999999941,10.942817097392089,3.0526977141844736,-0.000250699100675074,-3.0190206418223773
1.5429999999999409,10.945869795106272,3.0428119931831255,-0.000250699100675074,-3.0190206418223773
1.5439999999999408,10.948912607099455,3.03292681344311,-0.000250699100675074,-3.0190206418223773
1.5449999999999406,10.951945533912898,3.0230421731792965,-0.000250699100675074,-3.0190206418223773
1.5459999999999405,10.954968576086078,3.01315807060694,-0.000250699100675074,-3.0190206418223773
1.5469999999999404,10.957981734156684,3.0032745039416797,-0.000250699100675074,-3.0190206418223773
1.5479999999999403,10.960985008660625,2.993391471399537,-0.000250699100675074,-3.0190206418223773
1.5489999999999402,10.963978400132024,2.9835089711969154,-0.000250699100675074,-3.0190206418223773
1.54999999999994,10.96696190910322,2.973627001550598,-0.000250699100675074,-3.0190206418223773
1.55099999999994,10.96993553610477,2.9637455606777463,-0.000250699100675074,-3.0190206418223773
1.5519999999999399,10.972899281665448,2.9538646467959007,-0.000250699100675074,-3.0190206418223773
1.5529999999999398,10.975853146312245,2.9439842581229763,-0.000250699100675074,-3.0190206418223773
1.5539999999999397,10.978797130570367,2.9341043928772637,-0.000250699100675074,-3.0190206418223773
1.5549999999999395,10.981731234963245,2.924225049277427,-0.000250699100675074,-3.0190206418223773
1.5559999999999394,10.984655460012522,2.9143462255425026,-0.000250699100675074,-3.0190206418223773
1.5569999999999393,10.987569806238065,2.904467919891898,-0.000250699100675074,-3.0190206418223773
1.5579999999999392,10.990474274157958,2.8945901305453905,-0.000250699100675074,-3.0190206418223773
1.558999999999939,10.993368864288502,2.8847128557231256,-0.000250699100675074,-3.0190206418223773
1.559999999999939,10.996253577144225,2.8748360936456154,-0.000250699100675074,-3.0190206418223773
1.5609999999999389,10.999128413237871,2.8649598425337386,-0.000250699100675074,-3.0190206418223773
1.5619999999999388,11.001993373080404,2.855084100608738,-0.000250699100675074,-3.0190206418223773
1.5629999999999387,11.004848457181014,2.8452088660922197,-0.000250699100675074,-3.0190206418223773
1.5639999999999386,11.007693666047107,2.835334137206152,-0.000250699100675074,-3.0190206418223773
1.5649999999999384,11.010529000184313,2.825459912172863,-0.000250699100675074,-3.0190206418223773
1.5659999999999383,11.013354460096485,2.815586189215041,-0.000250699100675074,-3.0190206418223773
1.5669999999999382,11.0161700462857,2.8057129665557317,-0.000250699100675074,-3.0190206418223773
1.567999999999938,11.018975759252255,2.795840242418338,-0.000250699100675074,-3.0190206418223773
1.568999999999938,11.021771599494674,2.7859680150266177,-0.000250699100675074,-3.0190206418223773
1.569999999999938,11.0245575675097,2.7760962826046836,-0.000250699100675074,-3.0190206418223773
1.5709999999999378,11.027333663792303,2.7662250433770006,-0.000250699100675074,-3.0190206418223773
1.5719999999999377,11.03009988883568,2.7563542955683853,-0.000250699100675074,-3.0190206418223773
1.5729999999999376,11.03285624313125,2.746484037404005,-0.000250699100675074,-3.0190206418223773
1.5739999999999374,11.035602727168653,2.7366142671093754,-0.000250699100675074,-3.0190206418223773
1.5749999999999373,11.038339341435762,2.7267449829103603,-0.000250699100675074,-3.0190206418223773
1.5759999999999372,11.041066086418672,2.7168761830331696,-0.000250699100675074,-3.0190206418223773
1.5769999999999371,11.043782962601705,2.707007865704359,-0.000250699100675074,-3.0190206418223773
1.577999999999937,11.046489970467409,2.697140029150827,-0.000250699100675074,-3.0190206418223773
1.578999999999937,11.04918711049656,2.687272671599816,-0.000250699100675074,-3.0190206418223773
1.5799999999999368,11.051874383168158,2.677405791278908,-0.000250699100675074,-3.0190206418223773
1.5809999999999367,11.054551788959436,2.6675393864160264,-0.000250699100675074,-3.0190206418223773
1.5819999999999366,11.057219328345852,2.6576734552394328,-0.000250699100675074,-3.0190206418223773
1.5829999999999365,11.059877001801091,2.6478079959777263,-0.000250699100675074,-3.0190206418223773
1.5839999999999363,11.062524809797068,2.6379430068598415,-0.000250699100675074,-3.0190206418223773
1.5849999999999362,11.065162752803928,2.628078486115049,-0.000250699100675074,-3.0190206418223773
1.5859999999999361,11.067790831290043,2.6182144319729517,-0.000250699100675074,-3.0190206418223773
1.586999999999936,11.070409045722016,2.608350842663486,-0.000250699100675074,-3.0190206418223773
1.587999999999936,11.07301739656468,2.598487716416918,-0.000250699100675074,-3.0190206418223773
1.5889999999999358,11.075615884281097,2.5886250514638443,-0.000250699100675074,-3.0190206418223773
1.5899999999999357,11.078204509332561,2.57876284603519,-0.000250699100675074,-3.0190206418223773
1.5909999999999356,11.080783272178596,2.5689010983622076,-0.000250699100675074,-3.0190206418223773
1.5919999999999355,11.083352173276959,2.5590398066764743,-0.000250699100675074,-3.0190206418223773
1.5929999999999354,11.085911213083635,2.549178969209893,-0.000250699100675074,-3.0190206418223773
1.5939999999999352,11.088460392052845,2.5393185841946897,-0.000250699100675074,-3.0190206418223773
1.5949999999999351,11.090999710637039,2.529458649863412,-0.000250699100675074,-3.0190206418223773
1.595999999999935,11.093529169286903,2.5195991644489286,-0.000250699100675074,-3.0190206418223773
1.596999999999935,11.096048768451352,2.5097401261844277,-0.000250699100675074,-3.0190206418223773
1.5979999999999348,11.098558508577536,2.4998815333034154,-0.000250699100675074,-3.0190206418223773
1.5989999999999347,11.10105839011084,2.490023384039715,-0.000250699100675074,-3.0190206418223773
1.5999999999999346,11.10354841349488,2.4801656766274656,-0.000250699100675074,-3.0190206418223773
1.6009999999999345,11.106028579171507,2.47030840930112,-0.000250699100675074,-3.0190206418223773
1.6019999999999344,11.108498887580808,2.4604515802954445,-0.000250699100675074,-3.0190206418223773
1.6029999999999343,11.110959339161104,2.4505951878455177,-0.000250699100675074,-3.0190206418223773
1.6039999999999341,11.11340993434895,2.440739230186728,-0.000250699100675074,-3.0190206418223773
1.604999999999934,11.115850673579136,2.430883705554774,-0.000250699100675074,-3.0190206418223773
1.605999999999934,11.118281557284691,2.4210286121856606,-0.000250699100675074,-3.0190206418223773
1.6069999999999338,11.120702585896877,2.4111739483157013,-0.000250699100675074,-3.0190206418223773
1.6079999999999337,11.123113759845193,2.4013197121815137,-0.000250699100675074,-3.0190206418223773
1.6089999999999336,11.125515079557374,2.3914659020200206,-0.000250699100675074,-3.0190206418223773
1.6099999999999335,11.127906545459394,2.381612516068447,-0.000250699100675074,-3.0190206418223773
1.6109999999999334,11.130288157975462,2.37175955256432,-0.000250699100675074,-3.0190206418223773
1.6119999999999333,11.132659917528027,2.3619070097454666,-0.000250699100675074,-3.0190206418223773
1.6129999999999332,11.135021824537773,2.352054885850013,-0.000250699100675074,-3.0190206418223773
1.613999999999933,11.137373879423624,2.342203179116384,-0.000250699100675074,-3.0190206418223773
1.614999999999933,11.13971608260274,2.3323518877832994,-0.000250699100675074,-3.0190206418223773
1.6159999999999328,11.142048434490524,2.3225010100897756,-0.000250699100675074,-3.0190206418223773
1.6169999999999327,11.144370935500614,2.312650544275123,-0.000250699100675074,-3.0190206418223773
1.6179999999999326,11.146683586044889,2.3028004885789435,-0.000250699100675074,-3.0190206418223773
1.6189999999999325,11.148986386533467,2.292950841241132,-0.000250699100675074,-3.0190206418223773
1.6199999999999324,11.151279337374708,2.2831016005018734,-0.000250699100675074,-3.0190206418223773
1.6209999999999323,11.15356243897521,2.2732527646016405,-0.000250699100675074,-3.0190206418223773
1.6219999999999322,11.155835691739812,2.2634043317811945,-0.000250699100675074,-3.0190206418223773
1.622999999999932,11.158099096071593,2.253556300281583,-0.000250699100675074,-3.0190206418223773
1.623999999999932,11.160352652371875,2.2437086683441385,-0.000250699100675074,-3.0190206418223773
1.6249999999999318,11.162596361040219,2.233861434210478,-0.000250699100675074,-3.0190206418223773
1.6259999999999317,11.164830222474428,2.2240145961225,-0.000250699100675074,-3.0190206418223773
1.6269999999999316,11.16705423707055,2.2141681523223857,-0.000250699100675074,-3.0190206418223773
1.6279999999999315,11.169268405222873,2.2043221010525955,-0.000250699100675074,-3.0190206418223773
1.6289999999999314,11.171472727323925,2.194476440555869,-0.000250699100675074,-3.0190206418223773
1.6299999999999313,11.17366720376448,2.184631169075223,-0.000250699100675074,-3.0190206418223773
1.6309999999999312,11.175851834933557,2.174786284853951,-0.000250699100675074,-3.0190206418223773
1.631999999999931,11.178026621218411,2.1649417861356217,-0.000250699100675074,-3.0190206418223773
1.632999999999931,11.180191563004547,2.155097671164077,-0.000250699100675074,-3.0190206418223773
1.6339999999999308,11.18234666067571,2.1452539381834312,-0.000250699100675074,-3.0190206418223773
1.6349999999999307,11.184491914613893,2.135410585438071,-0.000250699100675074,-3.0190206418223773
1.6359999999999306,11.186627325199332,2.1255676111726522,-0.000250699100675074,-3.0190206418223773
1.6369999999999305,11.188752892810504,2.1157250136320993,-0.000250699100675074,-3.0190206418223773
1.6379999999999304,11.190868617824135,2.1058827910616045,-0.000250699100675074,-3.0190206418223773
1.6389999999999303,11.192974500615197,2.0960409417066264,-0.000250699100675074,-3.0190206418223773
1.6399999999999302,11.195070541556904,2.0861994638128882,-0.000250699100675074,-3.0190206418223773
1.64099999999993,11.197156741020716,2.076358355626377,-0.000250699100675074,-3.0190206418223773
1.64199999999993,11.199233099376343,2.0665176153933427,-0.000250699100675074,-3.0190206418223773
1.6429999999999298,11.201299616991736,2.0566772413602954,-0.000250699100675074,-3.0190206418223773
1.6439999999999297,11.203356294233096,2.0468372317740062,-0.000250699100675074,-3.0190206418223773
1.6449999999999296,11.20540313146487,2.0369975848815045,-0.000250699100675074,-3.0190206418223773
1.6459999999999295,11.20744012904975,2.0271582989300767,-0.000250699100675074,-3.0190206418223773
1.6469999999999294,11.20946728734868,2.017319372167266,-0.000250699100675074,-3.0190206418223773
1.6479999999999293,11.211484606720846,2.0074808028408704,-0.000250699100675074,-3.0190206418223773
1.6489999999999292,11.213492087523687,1.997642589198941,-0.000250699100675074,-3.0190206418223773
1.649999999999929,11.215489730112886,1.987804729489782,-0.000250699100675074,-3.0190206418223773
1.650999999999929,11.217477534842375,1.9779672219619482,-0.000250699100675074,-3.0190206418223773
1.6519999999999289,11.219455502064337,1.9681300648642446,-0.000250699100675074,-3.0190206418223773
1.6529999999999287,11.2214236321292,1.9582932564457247,-0.000250699100675074,-3.0190206418223773
1.6539999999999286,11.223381925385645,1.9484567949556897,-0.000250699100675074,-3.0190206418223773
1.6549999999999285,11.225330382180601,1.9386206786436864,-0.000250699100675074,-3.0190206418223773
1.6559999999999284,11.227269002859245,1.9287849057595068,-0.000250699100675074,-3.0190206418223773
1.6569999999999283,11.229197787765004,1.9189494745531865,-0.000250699100675074,-3.0190206418223773
1.6579999999999282,11.231116737239558,1.9091143832750035,-0.000250699100675074,-3.0190206418223773
1.658999999999928,11.233025851622834,1.8992796301754769,-0.000250699100675074,-3.0190206418223773
1.659999999999928,11.234925131253009,1.8894452135053654,-0.000250699100675074,-3.0190206418223773
1.6609999999999279,11.236814576466514,1.879611131515667,-0.000250699100675074,-3.0190206418223773
1.6619999999999278,11.23869418759803,1.8697773824576163,-0.000250699100675074,-3.0190206418223773
1.6629999999999276,11.240563964980488,1.8599439645826843,-0.000250699100675074,-3.0190206418223773
1.6639999999999275,11.24242390894507,1.850110876142577,-0.000250699100675074,-3.0190206418223773
1.6649999999999274,11.244274019821214,1.8402781153892342,-0.000250699100675074,-3.0190206418223773
1.6659999999999273,11.246114297936604,1.8304456805748277,-0.000250699100675074,-3.0190206418223773
1.6669999999999272,11.247944743617179,1.8206135699517605,-0.000250699100675074,-3.0190206418223773
1.667999999999927,11.249765357187131,1.8107817817726655,-0.000250699100675074,-3.0190206418223773
1.668999999999927,11.251576138968904,1.8009503142904042,-0.000250699100675074,-3.0190206418223773
1.6699999999999269,11.253377089283195,1.7911191657580656,-0.000250699100675074,-3.0190206418223773
1.6709999999999268,11.255168208448953,1.7812883344289647,-0.000250699100675074,-3.0190206418223773
1.6719999999999267,11.256949496783383,1.7714578185566416,-0.000250699100675074,-3.0190206418223773
1.6729999999999265,11.25872095460194,1.7616276163948599,-0.000250699100675074,-3.0190206418223773
1.6739999999999264,11.260482582218334,1.7517977261976052,-0.000250699100675074,-3.0190206418223773
1.6749999999999263,11.262234379944532,1.741968146219085,-0.000250699100675074,-3.0190206418223773
1.6759999999999262,11.26397634809075,1.7321388747137263,-0.000250699100675074,-3.0190206418223773
1.676999999999926,11.265708486965464,1.7223099099361747,-0.000250699100675074,-3.0190206418223773
1.677999999999926,11.2674307968754,1.7124812501412934,-0.000250699100675074,-3.0190206418223773
1.6789999999999259,11.269143278125542,1.7026528935841616,-0.000250699100675074,-3.0190206418223773
1.6799999999999258,11.270845931019126,1.6928248385200735,-0.000250699100675074,-3.0190206418223773
1.6809999999999257,11.272538755857646,1.682997083204537,-0.000250699100675074,-3.0190206418223773
1.6819999999999256,11.27422175294085,1.6731696258932722,-0.000250699100675074,-3.0190206418223773
1.6829999999999254,11.275894922566744,1.663342464842211,-0.000250699100675074,-3.0190206418223773
1.6839999999999253,11.277558265031587,1.6535155983074947,-0.000250699100675074,-3.0190206418223773
1.6849999999999252,11.279211780629895,1.6436890245454734,-0.000250699100675074,-3.0190206418223773
1.6859999999999251,11.28085546965444,1.6338627418127047,-0.000250699100675074,-3.0190206418223773
1.686999999999925,11.282489332396253,1.6240367483659526,-0.000250699100675074,-3.0190206418223773
1.687999999999925,11.284113369144618,1.6142110424621856,-0.000250699100675074,-3.0190206418223773
1.6889999999999248,11.28572758018708,1.6043856223585766,-0.000250699100675074,-3.0190206418223773
1.6899999999999247,11.28733196580944,1.5945604863125007,-0.000250699100675074,-3.0190206418223773
1.6909999999999246,11.288926526295752,1.584735632581534,-0.000250699100675074,-3.0190206418223773
1.6919999999999245,11.290511261928334,1.574911059423453,-0.000250699100675074,-3.0190206418223773
1.6929999999999243,11.292086172987757,1.5650867650962328,-0.000250699100675074,-3.0190206418223773
1.6939999999999242,11.293651259752853,1.555262747858046,-0.000250699100675074,-3.0190206418223773
1.6949999999999241,11.295206522500711,1.5454390059672618,-0.000250699100675074,-3.0190206418223773
1.695999999999924,11.29675196150668,1.5356155376824439,-0.000250699100675074,-3.0190206418223773
1.696999999999924,11.298287577044361,1.5257923412623502,-0.000250699100675074,-3.0190206418223773
1.6979999999999238,11.299813369385623,1.5159694149659313,-0.000250699100675074,-3.0190206418223773
1.6989999999999237,11.301329338800588,1.5061467570523288,-0.000250699100675074,-3.0190206418223773
1.6999999999999236,11.30283548555764,1.4963243657808747,-0.000250699100675074,-3.0190206418223773
1.7009999999999235,11.304331809923422,1.4865022394110898,-0.000250699100675074,-3.0190206418223773
1.7019999999999234,11.305818312162833,1.4766803762026823,-0.000250699100675074,-3.0190206418223773
1.7029999999999232,11.307294992539035,1.4668587744155472,-0.000250699100675074,-3.0190206418223773
1.7039999999999231,11.30876185131345,1.4570374323097643,-0.000250699100675074,-3.0190206418223773
1.704999999999923,11.31021888874576,1.4472163481455973,-0.000250699100675074,-3.0190206418223773
1.705999999999923,11.311666105093906,1.437395520183493,-0.000250699100675074,-3.0190206418223773
1.7069999999999228,11.313103500614089,1.427574946684079,-0.000250699100675074,-3.0190206418223773
1.7079999999999227,11.314531075560772,1.417754625908164,-0.000250699100675074,-3.0190206418223773
1.7089999999999226,11.31594883018668,1.4079345561167347,-0.000250699100675074,-3.0190206418223773
1.7099999999999225,11.317356764742797,1.3981147355709562,-0.000250699100675074,-3.0190206418223773
1.7109999999999224,11.318754879478368,1.3882951625321698,-0.000250699100675074,-3.0190206418223773
1.7119999999999223,11.3201431746409,1.3784758352618922,-0.000250699100675074,-3.0190206418223773
1.7129999999999221,11.321521650476162,1.3686567520218142,-0.000250699100675074,-3.0190206418223773
1.713999999999922,11.322890307228183,1.3588379110737994,-0.000250699100675074,-3.0190206418223773
1.714999999999922,11.324249145139257,1.3490193106798827,-0.000250699100675074,-3.0190206418223773
1.7159999999999218,11.325598164449937,1.3392009491022694,-0.000250699100675074,-3.0190206418223773
1.7169999999999217,11.32693736539904,1.3293828246033343,-0.000250699100675074,-3.0190206418223773
1.7179999999999216,11.328266748223644,1.3195649354456196,-0.000250699100675074,-3.0190206418223773
1.7189999999999215,11.32958631315909,1.3097472798918344,-0.000250699100675074,-3.0190206418223773
1.7199999999999214,11.330896060438983,1.2999298562048531,-0.000250699100675074,-3.0190206418223773
1.7209999999999213,11.332195990295187,1.2901126626477144,-0.000250699100675074,-3.0190206418223773
1.7219999999999211,11.333486102957835,1.2802956974836197,-0.000250699100675074,-3.0190206418223773
1.722999999999921,11.334766398655319,1.2704789589759322,-0.000250699100675074,-3.0190206418223773
1.723999999999921,11.336036877614294,1.2606624453881756,-0.000250699100675074,-3.0190206418223773
1.7249999999999208,11.337297540059682,1.250846154984033,-0.000250699100675074,-3.0190206418223773
1.7259999999999207,11.338548386214665,1.2410300860273453,-0.000250699100675074,-3.0190206418223773
1.7269999999999206,11.339789416300693,1.2312142367821102,-0.000250699100675074,-3.0190206418223773
1.7279999999999205,11.341020630537475,1.2213986055124808,-0.000250699100675074,-3.0190206418223773
1.7289999999999204,11.342242029142987,1.211583190482765,-0.000250699100675074,-3.0190206418223773
1.7299999999999203,11.34345361233347,1.2017679899574234,-0.000250699100675074,-3.0190206418223773
1.7309999999999202,11.344655380323427,1.1919530022010685,-0.000250699100675074,-3.0190206418223773
1.73199999999992,11.345847333325628,1.1821382254784636,-0.000250699100675074,-3.0190206418223773
1.73299999999992,11.347029471551107,1.172323658054521,-0.000250699100675074,-3.0190206418223773
1.7339999999999198,11.34820179520916,1.162509298194302,-0.000250699100675074,-3.0190206418223773
1.7349999999999197,11.349364304507354,1.1526951441630138,-0.000250699100675074,-3.0190206418223773
1.7359999999999196,11.350516999651518,1.1428811942260098,-0.000250699100675074,-3.0190206418223773
1.7369999999999195,11.351659880845745,1.133067446648788,-0.000250699100675074,-3.0190206418223773
1.7379999999999194,11.352792948292393,1.1232538996969896,-0.000250699100675074,-3.0190206418223773
1.7389999999999193,11.35391620219209,1.1134405516363979,-0.000250699100675074,-3.0190206418223773
1.7399999999999192,11.355029642743727,1.1036274007329365,-0.000250699100675074,-3.0190206418223773
1.740999999999919,11.35613327014446,1.0938144452526692,-0.000250699100675074,-3.0190206418223773
1.741999999999919,11.357227084589713,1.0840016834617978,-0.000250699100675074,-3.0190206418223773
1.7429999999999188,11.358311086273174,1.0741891136266613,-0.000250699100675074,-3.0190206418223773
1.7439999999999187,11.359385275386801,1.0643767340137344,-0.000250699100675074,-3.0190206418223773
1.7449999999999186,11.360449652120815,1.0545645428896269,-0.000250699100675074,-3.0190206418223773
1.7459999999999185,11.361504216663704,1.0447525385210814,-0.000250699100675074,-3.0190206418223773
1.7469999999999184,11.362548969202225,1.0349407191749735,-0.000250699100675074,-3.0190206418223773
1.7479999999999183,11.363583909921399,1.025129083118309,-0.000250699100675074,-3.0190206418223773
1.7489999999999182,11.364609039004517,1.0153176286182242,-0.000250699100675074,-3.0190206418223773
1.749999999999918,11.365624356633134,1.005506353941983,-0.000250699100675074,-3.0190206418223773
1.750999999999918,11.366629862987075,0.9956952573569777,-0.000250699100675074,-3.0190206418223773
1.7519999999999178,11.367625558244432,0.9858843371307259,-0.000250699100675074,-3.0190206418223773
1.7529999999999177,11.368611442581564,0.9760735915308701,-0.000250699100675074,-3.0190206418223773
1.7539999999999176,11.369587516173095,0.9662630188251768,-0.000250699100675074,-3.0190206418223773
1.7549999999999175,11.37055377919192,0.9564526172815347,-0.000250699100675074,-3.0190206418223773
1.7559999999999174,11.3715102318092,0.9466423851679536,-0.000250699100675074,-3.0190206418223773
1.7569999999999173,11.372456874194368,0.9368323207525633,-0.000250699100675074,-3.0190206418223773
1.7579999999999172,11.37339370651512,0.9270224223036123,-0.000250699100675074,-3.0190206418223773
1.758999999999917,11.374320728937423,0.9172126880894669,-0.000250699100675074,-3.0190206418223773
1.759999999999917,11.375237941625512,0.9074031163786092,-0.000250699100675074,-3.0190206418223773
1.7609999999999169,11.376145344741891,0.8975937054396366,-0.000250699100675074,-3.0190206418223773
1.7619999999999167,11.377042938447332,0.8877844535412603,-0.000250699100675074,-3.0190206418223773
1.7629999999999166,11.377930722900873,0.8779753589523044,-0.000250699100675074,-3.0190206418223773
1.7639999999999165,11.378808698259824,0.8681664199417037,-0.000250699100675074,-3.0190206418223773
1.7649999999999164,11.379676864679766,0.8583576347785039,-0.000250699100675074,-3.0190206418223773
1.7659999999999163,11.380535222314544,0.8485490017318591,-0.000250699100675074,-3.0190206418223773
1.7669999999999162,11.381383771316276,0.8387405190710314,-0.000250699100675074,-3.0190206418223773
1.767999999999916,11.382222511835348,0.8289321850653893,-0.000250699100675074,-3.0190206418223773
1.768999999999916,11.383051444020413,0.8191239979844066,-0.000250699100675074,-3.0190206418223773
1.7699999999999159,11.383870568018398,0.809315956097661,-0.000250699100675074,-3.0190206418223773
1.7709999999999158,11.384679883974496,0.7995080576748334,-0.000250699100675074,-3.0190206418223773
1.7719999999999156,11.38547939203217,0.7897003009857058,-0.000250699100675074,-3.0190206418223773
1.7729999999999155,11.386269092333157,0.7798926843001608,-0.000250699100675074,-3.0190206418223773
1.7739999999999154,11.387048985017456,0.7700852058881803,-0.000250699100675074,-3.0190206418223773
1.7749999999999153,11.387819070223344,0.7602778640198441,-0.000250699100675074,-3.0190206418223773
1.7759999999999152,11.388579348087363,0.7504706569653284,-0.000250699100675074,-3.0190206418223773
1.776999999999915,11.38932981874433,0.7406635829949054,-0.000250699100675074,-3.0190206418223773
1.777999999999915,11.390070482327324,0.7308566403789412,-0.000250699100675074,-3.0190206418223773
1.7789999999999149,11.390801338967703,0.7210498273878948,-0.000250699100675074,-3.0190206418223773
1.7799999999999148,11.39152238879509,0.7112431422923176,-0.000250699100675074,-3.0190206418223773
1.7809999999999147,11.392233631937383,0.7014365833628511,-0.000250699100675074,-3.0190206418223773
1.7819999999999145,11.392935068520746,0.6916301488702264,-0.000250699100675074,-3.0190206418223773
1.7829999999999144,11.393626698669616,0.6818238370852628,-0.000250699100675074,-3.0190206418223773
1.7839999999999143,11.394308522506702,0.6720176462788665,-0.000250699100675074,-3.0190206418223773
1.7849999999999142,11.39498054015298,0.6622115747220293,-0.000250699100675074,-3.0190206418223773
1.785999999999914,11.395642751727703,0.6524056206858276,-0.000250699100675074,-3.0190206418223773
1.786999999999914,11.396295157348389,0.6425997824414212,-0.000250699100675074,-3.0190206418223773
1.7879999999999139,11.39693775713083,0.6327940582600519,-0.000250699100675074,-3.0190206418223773
1.7889999999999138,11.39757055118909,0.6229884464130421,-0.000250699100675074,-3.0190206418223773
1.7899999999999137,11.398193539635503,0.6131829451717942,-0.000250699100675074,-3.0190206418223773
1.7909999999999136,11.398806722580675,0.6033775528077887,-0.000250699100675074,-3.0190206418223773
1.7919999999999134,11.399410100133483,0.5935722675925836,-0.000250699100675074,-3.0190206418223773
1.7929999999999133,11.400003672401075,0.5837670877978127,-0.000250699100675074,-3.0190206418223773
1.7939999999999132,11.400587439488874,0.5739620116951845,-0.000250699100675074,-3.0190206418223773
1.794999999999913,11.401161401500568,0.564157037556481,-0.000250699100675074,-3.0190206418223773
1.795999999999913,11.401725558538125,0.5543521636535566,-0.000250699100675074,-3.0190206418223773
1.796999999999913,11.402279910701779,0.5445473882583367,-0.000250699100675074,-3.0190206418223773
1.7979999999999128,11.402824458090038,0.5347427096428168,-0.000250699100675074,-3.0190206418223773
1.7989999999999127,11.403359200799681,0.5249381260790608,-0.000250699100675074,-3.0190206418223773
1.7999999999999126,11.40388413892576,0.5151336358392001,-0.000250699100675074,-3.0190206418223773
1.8009999999999124,11.404399272561598,0.5053292371954325,-0.000250699100675074,-3.0190206418223773
1.8019999999999123,11.404904601798794,0.49552492842002055,-0.000250699100675074,-3.0190206418223773
1.8029999999999122,11.405400126727214,0.48572070778529064,-0.000250699100675074,-3.0190206418223773
1.8039999999999121,11.405885847434998,0.4759165735636318,-0.000250699100675074,-3.0190206418223773
1.804999999999912,11.406361764008562,0.46611252402749437,-0.000250699100675074,-3.0190206418223773
1.805999999999912,11.406827876532589,0.45630855744938875,-0.000250699100675074,-3.0190206418223773
1.8069999999999118,11.407284185090038,0.4465046721018843,-0.000250699100675074,-3.0190206418223773
1.8079999999999117,11.40773068976214,0.4367008662576082,-0.000250699100675074,-3.0190206418223773
1.8089999999999116,11.408167390628398,0.4268971381892438,-0.000250699100675074,-3.0190206418223773
1.8099999999999115,11.408594287766586,0.41709348616952996,-0.000250699100675074,-3.0190206418223773
1.8109999999999113,11.409011381252755,0.4072899084712595,-0.000250699100675074,-3.0190206418223773
1.8119999999999112,11.409418671161227,0.39748640336727803,-0.000250699100675074,-3.0190206418223773
1.8129999999999111,11.409816157564594,0.3876829691304828,-0.000250699100675074,-3.0190206418223773
1.813999999999911,11.410203840533724,0.37787960403382137,-0.000250699100675074,-3.0190206418223773
1.814999999999911,11.410581720137758,0.36807630635029054,-0.000250699100675074,-3.0190206418223773
1.8159999999999108,11.410949796444108,0.3582730743529351,-0.000250699100675074,-3.0190206418223773
1.8169999999999107,11.41130806951846,0.3484699063148464,-0.000250699100675074,-3.0190206418223773
1.8179999999999106,11.411656539424776,0.33866680050916154,-0.000250699100675074,-3.0190206418223773
1.8189999999999105,11.411995206225285,0.32886375520906175,-0.000250699100675074,-3.0190206418223773
1.8199999999999104,11.412324069980494,0.31906076868777133,-0.000250699100675074,-3.0190206418223773
1.8209999999999102,11.412643130749181,0.30925783921855654,-0.000250699100675074,-3.0190206418223773
1.8219999999999101,11.4129523885884,0.29945496507472424,-0.000250699100675074,-3.0190206418223773
1.82299999999991,11.413251843553475,0.2896521445296208,-0.000250699100675074,-3.0190206418223773
1.82399999999991,11.413541495698004,0.2798493758566306,-0.000250699100675074,-3.0190206418223773
1.8249999999999098,11.41382134507386,0.27004665732917527,-0.000250699100675074,-3.0190206418223773
1.8259999999999097,11.414091391731189,0.260243987220712,-0.000250699100675074,-3.0190206418223773
1.8269999999999096,11.41435163571841,0.25044136380473275,-0.000250699100675074,-3.0190206418223773
1.8279999999999095,11.414602077082215,0.24063878535476266,-0.000250699100675074,-3.0190206418223773
1.8289999999999094,11.41484271586757,0.23083625014435905,-0.000250699100675074,-3.0190206418223773
1.8299999999999093,11.415073552117715,0.22103375644711018,-0.000250699100675074,-3.0190206418223773
1.8309999999999091,11.415294585874161,0.211231302536634,-0.000250699100675074,-3.0190206418223773
1.831999999999909,11.415505817176697,0.20142888668657694,-0.000250699100675074,-3.0190206418223773
1.832999999999909,11.415707246063384,0.1916265071706127,-0.000250699100675074,-3.0190206418223773
1.8339999999999088,11.415898872570555,0.181824162262441,-0.000250699100675074,-3.0190206418223773
1.8349999999999087,11.416080696732818,0.17202185023578645,-0.000250699100675074,-3.0190206418223773
1.8359999999999086,11.416252718583054,0.16221956936439721,-0.000250699100675074,-3.0190206418223773
1.8369999999999085,11.41641493815242,0.1524173179220439,-0.000250699100675074,-3.0190206418223773
1.8379999999999084,11.416567355470342,0.14261509418251833,-0.000250699100675074,-3.0190206418223773
1.8389999999999083,11.416709970564524,0.1328128964196322,-0.000250699100675074,-3.0190206418223773
1.8399999999999082,11.416842783460943,0.12301072290721604,-0.000250699100675074,-3.0190206418223773
1.840999999999908,11.41696579418385,0.11320857191911789,-0.000250699100675074,-3.0190206418223773
1.841999999999908,11.41707900275577,0.1034064417292021,-0.000250699100675074,-3.0190206418223773
1.8429999999999078,11.4171824091975,0.09360433061134817,-0.000250699100675074,-3.0190206418223773
1.8439999999999077,11.417276013528111,0.08380223683944944,-0.000250699100675074,-3.0190206418223773
1.8449999999999076,11.41735981576495,0.07400015868741194,-0.000250699100675074,-3.0190206418223773
1.8459999999999075,11.417433815923637,0.06419809442915318,-0.000250699100675074,-3.0190206418223773
1.8469999999999074,11.417498014018067,0.05439604233860088,-0.000250699100675074,-3.0190206418223773
1.8479999999999073,11.417552410060406,0.044594000689691805,-0.000250699100675074,-3.0190206418223773
1.8489999999999072,11.417597004061095,0.03479196775637053,-0.000250699100675074,-3.0190206418223773
1.849999999999907,11.417631796028852,0.02498994181258821,-0.000250699100675074,-3.0190206418223773
1.850999999999907,11.417656785970664,0.015187921132301396,-0.000250699100675074,-3.0190206418223773
1.8519999999999068,11.417671973891796,0.005385903989470796,-0.000250699100675074,-3.0190206418223773
1.8529999999999067,11.417677359795785,-0.004416111341939937,-0.000250699100675074,-3.0190206418223773
1.8539999999999066,11.417672943684444,-0.014218126587965412,-0.000250699100675074,-3.0190206418223773
1.8549999999999065,11.417658725557857,-0.024020143474639724,-0.000250699100675074,-3.0190206418223773
1.8559999999999064,11.417634705414383,-0.03382216372799768,-0.000250699100675074,-3.0190206418223773
1.8569999999999063,11.417600883250655,-0.043624189074075975,-0.000250699100675074,-3.0190206418223773
1.8579999999999062,11.417557259061581,-0.05342622123891446,-0.000250699100675074,-3.0190206418223773
1.858999999999906,11.417503832840342,-0.06322826194855732,-0.000250699100675074,-3.0190206418223773
1.859999999999906,11.417440604578394,-0.07303031292905432,-0.000250699100675074,-3.0190206418223773
1.8609999999999058,11.417367574265464,-0.08283237590646197,-0.000250699100675074,-3.0190206418223773
1.8619999999999057,11.417284741889558,-0.09263445260684483,-0.000250699100675074,-3.0190206418223773
1.8629999999999056,11.417192107436952,-0.1024365447562766,-0.000250699100675074,-3.0190206418223773
1.8639999999999055,11.417089670892196,-0.11223865408084145,-0.000250699100675074,-3.0190206418223773
1.8649999999999054,11.416977432238115,-0.12204078230663519,-0.000250699100675074,-3.0190206418223773
1.8659999999999053,11.416855391455808,-0.13184293115976647,-0.000250699100675074,-3.0190206418223773
1.8669999999999052,11.416723548524649,-0.14164510236635805,-0.000250699100675074,-3.0190206418223773
1.867999999999905,11.416581903422284,-0.1514472976525479,-0.000250699100675074,-3.0190206418223773
1.868999999999905,11.416430456124631,-0.16124951874449062,-0.000250699100675074,-3.0190206418223773
1.8699999999999048,11.416269206605888,-0.1710517673683584,-0.000250699100675074,-3.0190206418223773
1.8709999999999047,11.416098154838519,-0.18085404525034243,-0.000250699100675074,-3.0190206418223773
1.8719999999999046,11.415917300793268,-0.1906563541166541,-0.000250699100675074,-3.0190206418223773
1.8729999999999045,11.415726644439152,-0.20045869569352606,-0.000250699100675074,-3.0190206418223773
1.8739999999999044,11.415526185743458,-0.21026107170721364,-0.000250699100675074,-3.0190206418223773
1.8749999999999043,11.41531592467175,-0.2200634838839959,-0.000250699100675074,-3.0190206418223773
1.8759999999999042,11.415095861187867,-0.229865933950177,-0.000250699100675074,-3.0190206418223773
1.876999999999904,11.414865995253917,-0.23966842363208724,-0.000250699100675074,-3.0190206418223773
1.877999999999904,11.414626326830286,-0.24947095465608443,-0.000250699100675074,-3.0190206418223773
1.8789999999999039,11.414376855875629,-0.259273528748555,-0.000250699100675074,-3.0190206418223773
1.8799999999999037,11.414117582346881,-0.26907614763591536,-0.000250699100675074,-3.0190206418223773
1.8809999999999036,11.413848506199246,-0.2788788130446129,-0.000250699100675074,-3.0190206418223773
1.8819999999999035,11.4135696273862,-0.2886815267011274,-0.000250699100675074,-3.0190206418223773
1.8829999999999034,11.4132809458595,-0.2984842903319721,-0.000250699100675074,-3.0190206418223773
1.8839999999999033,11.412982461569168,-0.3082871056636951,-0.000250699100675074,-3.0190206418223773
1.8849999999999032,11.412674174463504,-0.31808997442288034,-0.000250699100675074,-3.0190206418223773
1.885999999999903,11.412356084489081,-0.32789289833614904,-0.000250699100675074,-3.0190206418223773
1.886999999999903,11.412028191590744,-0.33769587913016075,-0.000250699100675074,-3.0190206418223773
1.8879999999999029,11.411690495711614,-0.3474989185316147,-0.000250699100675074,-3.0190206418223773
1.8889999999999028,11.411342996793083,-0.35730201826725083,-0.000250699100675074,-3.0190206418223773
1.8899999999999026,11.410985694774816,-0.3671051800638513,-0.000250699100675074,-3.0190206418223773
1.8909999999999025,11.410618589594751,-0.37690840564824135,-0.000250699100675074,-3.0190206418223773
1.8919999999999024,11.410241681189103,-0.38671169674729083,-0.000250699100675074,-3.0190206418223773
1.8929999999999023,11.409854969492356,-0.3965150550879153,-0.000250699100675074,-3.0190206418223773
1.8939999999999022,11.409458454437267,-0.4063184823970771,-0.000250699100675074,-3.0190206418223773
1.894999999999902,11.40905213595487,-0.4161219804017868,-0.000250699100675074,-3.0190206418223773
1.895999999999902,11.408636013974467,-0.4259255508291043,-0.000250699100675074,-3.0190206418223773
1.8969999999999019,11.408210088423639,-0.4357291954061402,-0.000250699100675074,-3.0190206418223773
1.8979999999999018,11.407774359228233,-0.4455329158600566,-0.000250699100675074,-3.0190206418223773
1.8989999999999017,11.407328826312373,-0.45533671391806885,-0.000250699100675074,-3.0190206418223773
1.8999999999999015,11.406873489598455,-0.4651405913074464,-0.000250699100675074,-3.0190206418223773
1.9009999999999014,11.406408349007148,-0.47494454975551414,-0.000250699100675074,-3.0190206418223773
1.9019999999999013,11.405933404457391,-0.4847485909896537,-0.000250699100675074,-3.0190206418223773
1.9029999999999012,11.405448655866401,-0.4945527167373045,-0.000250699100675074,-3.0190206418223773
1.903999999999901,11.404954103149663,-0.504356928725965,-0.000250699100675074,-3.0190206418223773
1.904999999999901,11.404449746220937,-0.5141612286831941,-0.000250699100675074,-3.0190206418223773
1.9059999999999009,11.403935584992254,-0.5239656183366123,-0.000250699100675074,-3.0190206418223773
1.9069999999999008,11.403411619373918,-0.5337700994139024,-0.000250699100675074,-3.0190206418223773
1.9079999999999007,11.402877849274503,-0.5435746736428116,-0.000250699100675074,-3.0190206418223773
1.9089999999999006,11.402334274600861,-0.5533793427511523,-0.000250699100675074,-3.0190206418223773
1.9099999999999004,11.40178089525811,-0.563184108466803,-0.000250699100675074,-3.0190206418223773
1.9109999999999003,11.401217711149643,-0.57298897251771,-0.000250699100675074,-3.0190206418223773
1.9119999999999002,11.400644722177125,-0.5827939366318884,-0.000250699100675074,-3.0190206418223773
1.9129999999999001,11.400061928240493,-0.5925990025374234,-0.000250699100675074,-3.0190206418223773
1.9139999999999,11.399469329237956,-0.6024041719624713,-0.000250699100675074,-3.0190206418223773
1.9149999999999,11.398866925065994,-0.6122094466352611,-0.000250699100675074,-3.0190206418223773
1.9159999999998998,11.398254715619359,-0.6220148282840955,-0.000250699100675074,-3.0190206418223773
1.9169999999998997,11.397632700791075,-0.631820318637352,-0.000250699100675074,-3.0190206418223773
1.9179999999998996,11.397000880472437,-0.6416259194234842,-0.000250699100675074,-3.0190206418223773
1.9189999999998995,11.396359254553014,-0.6514316323710234,-0.000250699100675074,-3.0190206418223773
1.9199999999998993,11.395707822920643,-0.6612374592085791,-0.000250699100675074,-3.0190206418223773
1.9209999999998992,11.395046585461435,-0.6710434016648409,-0.000250699100675074,-3.0190206418223773
1.9219999999998991,11.39437554205977,-0.6808494614685792,-0.000250699100675074,-3.0190206418223773
1.922999999999899,11.3936946925983,-0.6906556403486467,-0.000250699100675074,-3.0190206418223773
1.923999999999899,11.393004036957953,-0.7004619400339798,-0.000250699100675074,-3.0190206418223773
1.9249999999998988,11.392303575017918,-0.7102683622535992,-0.000250699100675074,-3.0190206418223773
1.9259999999998987,11.391593306655665,-0.720074908736612,-0.000250699100675074,-3.0190206418223773
1.9269999999998986,11.390873231746928,-0.7298815812122118,-0.000250699100675074,-3.0190206418223773
1.9279999999998985,11.390143350165717,-0.7396883814096811,-0.000250699100675074,-3.0190206418223773
1.9289999999998984,11.389403661784307,-0.7494953110583916,-0.000250699100675074,-3.0190206418223773
1.9299999999998982,11.388654166473248,-0.7593023718878061,-0.000250699100675074,-3.0190206418223773
1.9309999999998981,11.38789486410136,-0.7691095656274793,-0.000250699100675074,-3.0190206418223773
1.931999999999898,11.387125754535733,-0.778916894007059,-0.000250699100675074,-3.0190206418223773
1.932999999999898,11.386346837641726,-0.7887243587562874,-0.000250699100675074,-3.0190206418223773
1.9339999999998978,11.38555811328297,-0.7985319616050027,-0.000250699100675074,-3.0190206418223773
1.9349999999998977,11.384759581321365,-0.8083397042831398,-0.000250699100675074,-3.0190206418223773
1.9359999999998976,11.383951241617082,-0.8181475885207317,-0.000250699100675074,-3.0190206418223773
1.9369999999998975,11.38313309402856,-0.8279556160479107,-0.000250699100675074,-3.0190206418223773
1.9379999999998974,11.382305138412512,-0.8377637885949097,-0.000250699100675074,-3.0190206418223773
1.9389999999998973,11.381467374623917,-0.8475721078920636,-0.000250699100675074,-3.0190206418223773
1.9399999999998971,11.380619802516025,-0.85738057566981,-0.000250699100675074,-3.0190206418223773
1.940999999999897,11.379762421940354,-0.8671891936586907,-0.000250699100675074,-3.0190206418223773
1.941999999999897,11.378895232746695,-0.8769979635893533,-0.000250699100675074,-3.0190206418223773
1.9429999999998968,11.378018234783106,-0.8868068871925517,-0.000250699100675074,-3.0190206418223773
1.9439999999998967,11.377131427895913,-0.896615966199148,-0.000250699100675074,-3.0190206418223773
1.9449999999998966,11.376234811929713,-0.9064252023401131,-0.000250699100675074,-3.0190206418223773
1.9459999999998965,11.375328386727373,-0.9162345973465286,-0.000250699100675074,-3.0190206418223773
1.9469999999998964,11.374412152130027,-0.9260441529495873,-0.000250699100675074,-3.0190206418223773
1.9479999999998963,11.373486107977078,-0.935853870880595,-0.000250699100675074,-3.0190206418223773
1.9489999999998961,11.372550254106198,-0.9456637528709716,-0.000250699100675074,-3.0190206418223773
1.949999999999896,11.371604590353327,-0.955473800652252,-0.000250699100675074,-3.0190206418223773
1.950999999999896,11.370649116552675,-0.9652840159560876,-0.000250699100675074,-3.0190206418223773
1.9519999999998958,11.369683832536719,-0.9750944005142477,-0.000250699100675074,-3.0190206418223773
1.9529999999998957,11.368708738136204,-0.9849049560586202,-0.000250699100675074,-3.0190206418223773
1.9539999999998956,11.367723833180145,-0.9947156843212134,-0.000250699100675074,-3.0190206418223773
1.9549999999998955,11.366729117495824,-1.0045265870341566,-0.000250699100675074,-3.0190206418223773
1.9559999999998954,11.36572459090879,-1.0143376659297023,-0.000250699100675074,-3.0190206418223773
1.9569999999998953,11.36471025324286,-1.0241489227402263,-0.000250699100675074,-3.0190206418223773
1.9579999999998952,11.36368610432012,-1.0339603591982294,-0.000250699100675074,-3.0190206418223773
1.958999999999895,11.362652143960922,-1.043771977036339,-0.000250699100675074,-3.0190206418223773
1.959999999999895,11.361608371983886,-1.0535837779873096,-0.000250699100675074,-3.0190206418223773
1.9609999999998948,11.3605547882059,-1.0633957637840248,-0.000250699100675074,-3.0190206418223773
1.9619999999998947,11.359491392442115,-1.0732079361594977,-0.000250699100675074,-3.0190206418223773
1.9629999999998946,11.358418184505956,-1.0830202968468732,-0.000250699100675074,-3.0190206418223773
1.9639999999998945,11.35733516420911,-1.0928328475794278,-0.000250699100675074,-3.0190206418223773
1.9649999999998944,11.35624233136153,-1.102645590090572,-0.000250699100675074,-3.0190206418223773
1.9659999999998943,11.355139685771439,-1.1124585261138515,-0.000250699100675074,-3.0190206418223773
1.9669999999998942,11.354027227245325,-1.1222716573829474,-0.000250699100675074,-3.0190206418223773
1.967999999999894,11.352904955587942,-1.1320849856316786,-0.000250699100675074,-3.0190206418223773
1.968999999999894,11.35177287060231,-1.141898512594002,-0.000250699100675074,-3.0190206418223773
1.9699999999998938,11.350630972089716,-1.1517122400040147,-0.000250699100675074,-3.0190206418223773
1.9709999999998937,11.349479259849712,-1.161526169595955,-0.000250699100675074,-3.0190206418223773
1.9719999999998936,11.348317733680116,-1.1713403031042025,-0.000250699100675074,-3.0190206418223773
1.9729999999998935,11.347146393377011,-1.181154642263281,-0.000250699100675074,-3.0190206418223773
1.9739999999998934,11.345965238734749,-1.1909691888078588,-0.000250699100675074,-3.0190206418223773
1.9749999999998933,11.34477426954594,-1.20078394447275,-0.000250699100675074,-3.0190206418223773
1.9759999999998932,11.343573485601468,-1.2105989109929158,-0.000250699100675074,-3.0190206418223773
1.976999999999893,11.342362886690475,-1.220414090103466,-0.000250699100675074,-3.0190206418223773
1.977999999999893,11.341142472600373,-1.2302294835396592,-0.000250699100675074,-3.0190206418223773
1.9789999999998928,11.339912243116833,-1.240045093036906,-0.000250699100675074,-3.0190206418223773
1.9799999999998927,11.338672198023797,-1.2498609203307682,-0.000250699100675074,-3.0190206418223773
1.9809999999998926,11.337422337103467,-1.259676967156961,-0.000250699100675074,-3.0190206418223773
1.9819999999998925,11.33616266013631,-1.2694932352513542,-0.000250699100675074,-3.0190206418223773
1.9829999999998924,11.33489316690106,-1.2793097263499733,-0.000250699100675074,-3.0190206418223773
1.9839999999998923,11.33361385717471,-1.289126442189001,-0.000250699100675074,-3.0190206418223773
1.9849999999998922,11.332324730732521,-1.2989433845047775,-0.000250699100675074,-3.0190206418223773
1.985999999999892,11.331025787348016,-1.3087605550338033,-0.000250699100675074,-3.0190206418223773
1.986999999999892,11.329717026792983,-1.3185779555127388,-0.000250699100675074,-3.0190206418223773
1.9879999999998919,11.32839844883747,-1.3283955876784066,-0.000250699100675074,-3.0190206418223773
1.9889999999998917,11.327070053249791,-1.3382134532677925,-0.000250699100675074,-3.0190206418223773
1.9899999999998916,11.325731839796523,-1.3480315540180468,-0.000250699100675074,-3.0190206418223773
1.9909999999998915,11.324383808242505,-1.3578498916664847,-0.000250699100675074,-3.0190206418223773
1.9919999999998914,11.323025958350838,-1.367668467950589,-0.000250699100675074,-3.0190206418223773
1.9929999999998913,11.321658289882887,-1.37748728460801,-0.000250699100675074,-3.0190206418223773
1.9939999999998912,11.320280802598278,-1.3873063433765673,-0.000250699100675074,-3.0190206418223773
1.994999999999891,11.318893496254901,-1.3971256459942516,-0.000250699100675074,-3.0190206418223773
1.995999999999891,11.317496370608907,-1.4069451941992246,-0.000250699100675074,-3.0190206418223773
1.9969999999998909,11.316089425414708,-1.4167649897298213,-0.000250699100675074,-3.0190206418223773
1.9979999999998908,11.314672660424979,-1.4265850343245512,-0.000250699100675074,-3.0190206418223773
1.9989999999998906,11.313246075390653,-1.4364053297220987,-0.000250699100675074,-3.0190206418223773
1.9999999999998905,11.311809670060931,-1.4462258776613253,-0.000250699100675074,-3.0190206418223773
2.0009999999998906,11.31036344418327,-1.4560466798812701,-0.000250699100675074,-3.0190206418223773
2.0019999999998905,11.30890739750339,-1.4658677381211516,-0.000250699100675074,-3.0190206418223773
2.0029999999998904,11.307441529765269,-1.4756890541203684,-0.000250699100675074,-3.0190206418223773
2.0039999999998903,11.30596584071115,-1.4855106296185012,-0.000250699100675074,-3.0190206418223773
2.00499999999989,11.30448033008153,-1.4953324663553131,-0.000250699100675074,-3.0190206418223773
2.00599999999989,11.302984997615175,-1.5051545660707515,-0.000250699100675074,-3.0190206418223773
2.00699999999989,11.301479843049105,-1.5149769305049492,-0.000250699100675074,-3.0190206418223773
2.00799999999989,11.2999648661186,-1.5247995613982253,-0.000250699100675074,-3.0190206418223773
2.0089999999998898,11.298440066557202,-1.5346224604910867,-0.000250699100675074,-3.0190206418223773
2.0099999999998897,11.29690544409671,-1.54444562952423,-0.000250699100675074,-3.0190206418223773
2.0109999999998895,11.295360998467187,-1.554269070238541,-0.000250699100675074,-3.0190206418223773
2.0119999999998894,11.293806729396948,-1.5640927843750982,-0.000250699100675074,-3.0190206418223773
2.0129999999998893,11.292242636612572,-1.573916773675172,-0.000250699100675074,-3.0190206418223773
2.013999999999889,11.290668719838898,-1.583741039880227,-0.000250699100675074,-3.0190206418223773
2.014999999999889,11.289084978799018,-1.5935655847319232,-0.000250699100675074,-3.0190206418223773
2.015999999999889,11.287491413214285,-1.6033904099721168,-0.000250699100675074,-3.0190206418223773
2.016999999999889,11.285888022804313,-1.613215517342862,-0.000250699100675074,-3.0190206418223773
2.0179999999998888,11.28427480728697,-1.6230409085864117,-0.000250699100675074,-3.0190206418223773
2.0189999999998887,11.282651766378383,-1.6328665854452193,-0.000250699100675074,-3.0190206418223773
2.0199999999998886,11.281018899792937,-1.6426925496619396,-0.000250699100675074,-3.0190206418223773
2.0209999999998884,11.279376207243274,-1.6525188029794295,-0.000250699100675074,-3.0190206418223773
2.0219999999998883,11.277723688440295,-1.6623453471407506,-0.000250699100675074,-3.0190206418223773
2.022999999999888,11.276061343093154,-1.672172183889169,-0.000250699100675074,-3.0190206418223773
2.023999999999888,11.274389170909265,-1.6819993149681576,-0.000250699100675074,-3.0190206418223773
2.024999999999888,11.272707171594297,-1.6918267421213968,-0.000250699100675074,-3.0190206418223773
2.025999999999888,11.271015344852175,-1.701654467092776,-0.000250699100675074,-3.0190206418223773
2.026999999999888,11.269313690385083,-1.7114824916263944,-0.000250699100675074,-3.0190206418223773
2.0279999999998877,11.267602207893457,-1.721310817466563,-0.000250699100675074,-3.0190206418223773
2.0289999999998876,11.265880897075991,-1.7311394463578051,-0.000250699100675074,-3.0190206418223773
2.0299999999998875,11.264149757629633,-1.740968380044858,-0.000250699100675074,-3.0190206418223773
2.0309999999998873,11.262408789249589,-1.7507976202726743,-0.000250699100675074,-3.0190206418223773
2.0319999999998872,11.260657991629316,-1.7606271687864223,-0.000250699100675074,-3.0190206418223773
2.032999999999887,11.258897364460529,-1.7704570273314884,-0.000250699100675074,-3.0190206418223773
2.033999999999887,11.257126907433197,-1.7802871976534775,-0.000250699100675074,-3.0190206418223773
2.034999999999887,11.255346620235542,-1.7901176814982152,-0.000250699100675074,-3.0190206418223773
2.035999999999887,11.253556502554044,-1.7999484806117476,-0.000250699100675074,-3.0190206418223773
2.0369999999998867,11.251756554073433,-1.809779596740344,-0.000250699100675074,-3.0190206418223773
2.0379999999998866,11.249946774476692,-1.8196110316304972,-0.000250699100675074,-3.0190206418223773
2.0389999999998865,11.248127163445062,-1.8294427870289252,-0.000250699100675074,-3.0190206418223773
2.0399999999998863,11.246297720658033,-1.839274864682572,-0.000250699100675074,-3.0190206418223773
2.0409999999998862,11.24445844579335,-1.8491072663386097,-0.000250699100675074,-3.0190206418223773
2.041999999999886,11.242609338527012,-1.8589399937444384,-0.000250699100675074,-3.0190206418223773
2.042999999999886,11.240750398533269,-1.8687730486476892,-0.000250699100675074,-3.0190206418223773
2.043999999999886,11.238881625484622,-1.8786064327962237,-0.000250699100675074,-3.0190206418223773
2.044999999999886,11.237003019051825,-1.8884401479381365,-0.000250699100675074,-3.0190206418223773
2.0459999999998857,11.235114578903886,-1.898274195821756,-0.000250699100675074,-3.0190206418223773
2.0469999999998856,11.233216304708064,-1.908108578195645,-0.000250699100675074,-3.0190206418223773
2.0479999999998855,11.231308196129868,-1.9179432968086036,-0.000250699100675074,-3.0190206418223773
2.0489999999998854,11.22939025283306,-1.9277783534096686,-0.000250699100675074,-3.0190206418223773
2.0499999999998852,11.22746247447965,-1.937613749748116,-0.000250699100675074,-3.0190206418223773
2.050999999999885,11.225524860729902,-1.947449487573462,-0.000250699100675074,-3.0190206418223773
2.051999999999885,11.223577411242328,-1.9572855686354635,-0.000250699100675074,-3.0190206418223773
2.052999999999885,11.221620125673692,-1.9671219946841205,-0.000250699100675074,-3.0190206418223773
2.053999999999885,11.219653003679008,-1.9769587674696765,-0.000250699100675074,-3.0190206418223773
2.0549999999998847,11.217676044911538,-1.9867958887426198,-0.000250699100675074,-3.0190206418223773
2.0559999999998846,11.215689249022796,-1.9966333602536857,-0.000250699100675074,-3.0190206418223773
2.0569999999998845,11.213692615662543,-2.0064711837538565,-0.000250699100675074,-3.0190206418223773
2.0579999999998844,11.21168614447879,-2.0163093609943634,-0.000250699100675074,-3.0190206418223773
2.0589999999998843,11.209669835117795,-2.026147893726688,-0.000250699100675074,-3.0190206418223773
2.059999999999884,11.207643687224069,-2.035986783702563,-0.000250699100675074,-3.0190206418223773
2.060999999999884,11.205607700440366,-2.0458260326739737,-0.000250699100675074,-3.0190206418223773
2.061999999999884,11.203561874407692,-2.0556656423931585,-0.000250699100675074,-3.0190206418223773
2.062999999999884,11.201506208765299,-2.065505614612612,-0.000250699100675074,-3.0190206418223773
2.0639999999998837,11.199440703150685,-2.0753459510850845,-0.000250699100675074,-3.0190206418223773
2.0649999999998836,11.197365357199601,-2.085186653563584,-0.000250699100675074,-3.0190206418223773
2.0659999999998835,11.195280170546038,-2.0950277238013775,-0.000250699100675074,-3.0190206418223773
2.0669999999998834,11.193185142822237,-2.104869163551992,-0.000250699100675074,-3.0190206418223773
2.0679999999998833,11.191080273658685,-2.1147109745692156,-0.000250699100675074,-3.0190206418223773
2.068999999999883,11.188965562684116,-2.1245531586070996,-0.000250699100675074,-3.0190206418223773
2.069999999999883,11.186841009525509,-2.134395717419958,-0.000250699100675074,-3.0190206418223773
2.070999999999883,11.184706613808089,-2.144238652762372,-0.000250699100675074,-3.0190206418223773
2.071999999999883,11.182562375155326,-2.1540819663891866,-0.000250699100675074,-3.0190206418223773
2.0729999999998827,11.180408293188938,-2.163925660055517,-0.000250699100675074,-3.0190206418223773
2.0739999999998826,11.178244367528883,-2.173769735516745,-0.000250699100675074,-3.0190206418223773
2.0749999999998825,11.176070597793366,-2.1836141945285243,-0.000250699100675074,-3.0190206418223773
2.0759999999998824,11.173886983598837,-2.1934590388467794,-0.000250699100675074,-3.0190206418223773
2.0769999999998823,11.171693524559991,-2.203304270227707,-0.000250699100675074,-3.0190206418223773
2.077999999999882,11.169490220289763,-2.2131498904277787,-0.000250699100675074,-3.0190206418223773
2.078999999999882,11.167277070399335,-2.2229959012037406,-0.000250699100675074,-3.0190206418223773
2.079999999999882,11.165054074498132,-2.2328423043126153,-0.000250699100675074,-3.0190206418223773
2.080999999999882,11.162821232193819,-2.2426891015117034,-0.000250699100675074,-3.0190206418223773
2.0819999999998817,11.160578543092308,-2.2525362945585847,-0.000250699100675074,-3.0190206418223773
2.0829999999998816,11.158326006797749,-2.262383885211119,-0.000250699100675074,-3.0190206418223773
2.0839999999998815,11.156063622912537,-2.272231875227447,-0.000250699100675074,-3.0190206418223773
2.0849999999998814,11.15379139103731,-2.2820802663659934,-0.000250699100675074,-3.0190206418223773
2.0859999999998813,11.151509310770944,-2.291929060385466,-0.000250699100675074,-3.0190206418223773
2.086999999999881,11.149217381710558,-2.3017782590448586,-0.000250699100675074,-3.0190206418223773
2.087999999999881,11.146915603451514,-2.311627864103451,-0.000250699100675074,-3.0190206418223773
2.088999999999881,11.144603975587412,-2.3214778773208113,-0.000250699100675074,-3.0190206418223773
2.089999999999881,11.142282497710092,-2.331328300456796,-0.000250699100675074,-3.0190206418223773
2.0909999999998807,11.139951169409635,-2.341179135271553,-0.000250699100675074,-3.0190206418223773
2.0919999999998806,11.137609990274363,-2.351030383525521,-0.000250699100675074,-3.0190206418223773
2.0929999999998805,11.135258959890837,-2.360882046979432,-0.000250699100675074,-3.0190206418223773
2.0939999999998804,11.132898077843858,-2.370734127394312,-0.000250699100675074,-3.0190206418223773
2.0949999999998803,11.130527343716464,-2.380586626531483,-0.000250699100675074,-3.0190206418223773
2.09599999999988,11.128146757089933,-2.3904395461525625,-0.000250699100675074,-3.0190206418223773
2.09699999999988,11.12575631754378,-2.4002928880194676,-0.000250699100675074,-3.0190206418223773
2.09799999999988,11.123356024655761,-2.4101466538944134,-0.000250699100675074,-3.0190206418223773
2.09899999999988,11.120945878001868,-2.4200008455399162,-0.000250699100675074,-3.0190206418223773
2.0999999999998797,11.118525877156328,-2.4298554647187935,-0.000250699100675074,-3.0190206418223773
2.1009999999998796,11.11609602169161,-2.4397105131941665,-0.000250699100675074,-3.0190206418223773
2.1019999999998795,11.113656311178415,-2.44956599272946,-0.000250699100675074,-3.0190206418223773
2.1029999999998794,11.111206745185687,-2.4594219050884054,-0.000250699100675074,-3.0190206418223773
2.1039999999998793,11.108747323280598,-2.4692782520350405,-0.000250699100675074,-3.0190206418223773
2.104999999999879,11.106278045028564,-2.479135035333711,-0.000250699100675074,-3.0190206418223773
2.105999999999879,11.10379890999323,-2.488992256749072,-0.000250699100675074,-3.0190206418223773
2.106999999999879,11.101309917736481,-2.4988499180460897,-0.000250699100675074,-3.0190206418223773
2.107999999999879,11.098811067818435,-2.508708020990042,-0.000250699100675074,-3.0190206418223773
2.1089999999998787,11.096302359797445,-2.5185665673465207,-0.000250699100675074,-3.0190206418223773
2.1099999999998786,11.093783793230099,-2.5284255588814313,-0.000250699100675074,-3.0190206418223773
2.1109999999998785,11.091255367671216,-2.538284997360995,-0.000250699100675074,-3.0190206418223773
2.1119999999998784,11.088717082673856,-2.548144884551751,-0.000250699100675074,-3.0190206418223773
2.1129999999998783,11.086168937789305,-2.5580052222205563,-0.000250699100675074,-3.0190206418223773
2.113999999999878,11.083610932567083,-2.567866012134587,-0.000250699100675074,-3.0190206418223773
2.114999999999878,11.08104306655495,-2.5777272560613413,-0.000250699100675074,-3.0190206418223773
2.115999999999878,11.078465339298887,-2.587588955768639,-0.000250699100675074,-3.0190206418223773
2.116999999999878,11.07587775034312,-2.597451113024623,-0.000250699100675074,-3.0190206418223773
2.1179999999998778,11.073280299230095,-2.6073137295977613,-0.000250699100675074,-3.0190206418223773
2.1189999999998776,11.070672985500497,-2.617176807256848,-0.000250699100675074,-3.0190206418223773
2.1199999999998775,11.06805580869324,-2.627040347771005,-0.000250699100675074,-3.0190206418223773
2.1209999999998774,11.065428768345468,-2.6369043529096814,-0.000250699100675074,-3.0190206418223773
2.1219999999998773,11.062791863992558,-2.646768824442657,-0.000250699100675074,-3.0190206418223773
2.122999999999877,11.060145095168116,-2.656633764140043,-0.000250699100675074,-3.0190206418223773
2.123999999999877,11.057488461403976,-2.6664991737722827,-0.000250699100675074,-3.0190206418223773
2.124999999999877,11.054821962230204,-2.6763650551101534,-0.000250699100675074,-3.0190206418223773
2.125999999999877,11.052145597175093,-2.686231409924767,-0.000250699100675074,-3.0190206418223773
2.1269999999998768,11.049459365765168,-2.6960982399875717,-0.000250699100675074,-3.0190206418223773
2.1279999999998767,11.046763267525181,-2.7059655470703534,-0.000250699100675074,-3.0190206418223773
2.1289999999998765,11.04405730197811,-2.715833332945237,-0.000250699100675074,-3.0190206418223773
2.1299999999998764,11.041341468645165,-2.7257015993846876,-0.000250699100675074,-3.0190206418223773
2.1309999999998763,11.03861576704578,-2.7355703481615112,-0.000250699100675074,-3.0190206418223773
2.131999999999876,11.035880196697619,-2.7454395810488568,-0.000250699100675074,-3.0190206418223773
2.132999999999876,11.03313475711657,-2.7553092998202176,-0.000250699100675074,-3.0190206418223773
2.133999999999876,11.03037944781675,-2.7651795062494315,-0.000250699100675074,-3.0190206418223773
2.134999999999876,11.0276142683105,-2.7750502021106835,-0.000250699100675074,-3.0190206418223773
2.1359999999998758,11.02483921810839,-2.7849213891785065,-0.000250699100675074,-3.0190206418223773
2.1369999999998757,11.022054296719212,-2.7947930692277825,-0.000250699100675074,-3.0190206418223773
2.1379999999998756,11.019259503649984,-2.8046652440337434,-0.000250699100675074,-3.0190206418223773
2.1389999999998754,11.01645483840595,-2.8145379153719734,-0.000250699100675074,-3.0190206418223773
2.1399999999998753,11.013640300490579,-2.8244110850184097,-0.000250699100675074,-3.0190206418223773
2.1409999999998752,11.01081588940556,-2.8342847547493433,-0.000250699100675074,-3.0190206418223773
2.141999999999875,11.00798160465081,-2.844158926341421,-0.000250699100675074,-3.0190206418223773
2.142999999999875,11.005137445724468,-2.854033601571647,-0.000250699100675074,-3.0190206418223773
2.143999999999875,11.002283412122896,-2.863908782217383,-0.000250699100675074,-3.0190206418223773
2.144999999999875,10.999419503340679,-2.873784470056351,-0.000250699100675074,-3.0190206418223773
2.1459999999998747,10.996545718870623,-2.883660666866632,-0.000250699100675074,-3.0190206418223773
2.1469999999998746,10.993662058203757,-2.8935373744266712,-0.000250699100675074,-3.0190206418223773
2.1479999999998745,10.99076852082933,-2.9034145945152763,-0.000250699100675074,-3.0190206418223773
2.1489999999998743,10.987865106234816,-2.9132923289116195,-0.000250699100675074,-3.0190206418223773
2.1499999999998742,10.984951813905905,-2.9231705793952387,-0.000250699100675074,-3.0190206418223773
2.150999999999874,10.98202864332651,-2.93304934774604,-0.000250699100675074,-3.0190206418223773
2.151999999999874,10.979095593978764,-2.9429286357442965,-0.000250699100675074,-3.0190206418223773
2.152999999999874,10.97615266534302,-2.952808445170653,-0.000250699100675074,-3.0190206418223773
2.153999999999874,10.97319985689785,-2.962688777806124,-0.000250699100675074,-3.0190206418223773
2.1549999999998737,10.970237168120043,-2.9725696354320967,-0.000250699100675074,-3.0190206418223773
2.1559999999998736,10.967264598484611,-2.9824510198303327,-0.000250699100675074,-3.0190206418223773
2.1569999999998735,10.96428214746478,-2.992332932782968,-0.000250699100675074,-3.0190206418223773
2.1579999999998734,10.961289814531998,-3.002215376072515,-0.000250699100675074,-3.0190206418223773
2.1589999999998732,10.958287599155925,-3.012098351481864,-0.000250699100675074,-3.0190206418223773
2.159999999999873,10.955275500804444,-3.021981860794284,-0.000250699100675074,-3.0190206418223773
2.160999999999873,10.95225351894365,-3.0318659057934245,-0.000250699100675074,-3.0190206418223773
2.161999999999873,10.949221653037856,-3.041750488263316,-0.000250699100675074,-3.0190206418223773
2.162999999999873,10.946179902549593,-3.0516356099883724,-0.000250699100675074,-3.0190206418223773
2.1639999999998727,10.943128266939604,-3.0615212727533914,-0.000250699100675074,-3.0190206418223773
2.1649999999998726,10.94006674566685,-3.0714074783435565,-0.000250699100675074,-3.0190206418223773
2.1659999999998725,10.936995338188508,-3.081294228544438,-0.000250699100675074,-3.0190206418223773
2.1669999999998724,10.933914043959964,-3.091181525141993,-0.000250699100675074,-3.0190206418223773
2.1679999999998723,10.930822862434821,-3.10106936992257,-0.000250699100675074,-3.0190206418223773
2.168999999999872,10.927721793064899,-3.1109577646729067,-0.000250699100675074,-3.0190206418223773
2.169999999999872,10.924610835300227,-3.1208467111801332,-0.000250699100675074,-3.0190206418223773
2.170999999999872,10.921489988589046,-3.130736211231773,-0.000250699100675074,-3.0190206418223773
2.171999999999872,10.918359252377815,-3.1406262666157443,-0.000250699100675074,-3.0190206418223773
2.1729999999998717,10.9152186261112,-3.1505168791203606,-0.000250699100675074,-3.0190206418223773
2.1739999999998716,10.912068109232079,-3.160408050534333,-0.000250699100675074,-3.0190206418223773
2.1749999999998715,10.908907701181544,-3.1702997826467714,-0.000250699100675074,-3.0190206418223773
2.1759999999998714,10.905737401398897,-3.1801920772471854,-0.000250699100675074,-3.0190206418223773
2.1769999999998713,10.90255720932165,-3.1900849361254853,-0.000250699100675074,-3.0190206418223773
2.177999999999871,10.899367124385524,-3.1999783610719845,-0.000250699100675074,-3.0190206418223773
2.178999999999871,10.896167146024451,-3.2098723538773997,-0.000250699100675074,-3.0190206418223773
2.179999999999871,10.892957273670573,-3.2197669163328526,-0.000250699100675074,-3.0190206418223773
2.180999999999871,10.88973750675424,-3.229662050229872,-0.000250699100675074,-3.0190206418223773
2.1819999999998707,10.886507844704012,-3.239557757360394,-0.000250699100675074,-3.0190206418223773
2.1829999999998706,10.88326828694665,-3.2494540395167633,-0.000250699100675074,-3.0190206418223773
2.1839999999998705,10.880018832907133,-3.2593508984917356,-0.000250699100675074,-3.0190206418223773
2.1849999999998704,10.87675948200864,-3.269248336078478,-0.000250699100675074,-3.0190206418223773
2.1859999999998703,10.873490233672563,-3.2791463540705705,-0.000250699100675074,-3.0190206418223773
2.18699999999987,10.870211087318491,-3.2890449542620073,-0.000250699100675074,-3.0190206418223773
2.18799999999987,10.86692204236423,-3.2989441384471982,-0.000250699100675074,-3.0190206418223773
2.18899999999987,10.863623098225784,-3.308843908420971,-0.000250699100675074,-3.0190206418223773
2.18999999999987,10.860314254317363,-3.31874426597857,-0.000250699100675074,-3.0190206418223773
2.1909999999998697,10.856995510051384,-3.32864521291566,-0.000250699100675074,-3.0190206418223773
2.1919999999998696,10.853666864838468,-3.338546751028327,-0.000250699100675074,-3.0190206418223773
2.1929999999998695,10.85032831808744,-3.348448882113079,-0.000250699100675074,-3.0190206418223773
2.1939999999998694,10.846979869205327,-3.358351607966847,-0.000250699100675074,-3.0190206418223773
2.1949999999998693,10.843621517597361,-3.3682549303869873,-0.000250699100675074,-3.0190206418223773
2.195999999999869,10.840253262666975,-3.378158851171283,-0.000250699100675074,-3.0190206418223773
2.196999999999869,10.836875103815803,-3.388063372117943,-0.000250699100675074,-3.0190206418223773
2.197999999999869,10.833487040443686,-3.3979684950256064,-0.000250699100675074,-3.0190206418223773
2.198999999999869,10.83008907194866,-3.4078742216933424,-0.000250699100675074,-3.0190206418223773
2.1999999999998687,10.826681197726966,-3.417780553920651,-0.000250699100675074,-3.0190206418223773
2.2009999999998686,10.823263417173045,-3.427687493507466,-0.000250699100675074,-3.0190206418223773
2.2019999999998685,10.819835729679538,-3.437595042254155,-0.000250699100675074,-3.0190206418223773
2.2029999999998684,10.816398134637284,-3.4475032019615197,-0.000250699100675074,-3.0190206418223773
2.2039999999998683,10.812950631435323,-3.4574119744308005,-0.000250699100675074,-3.0190206418223773
2.204999999999868,10.809493219460892,-3.4673213614636746,-0.000250699100675074,-3.0190206418223773
2.205999999999868,10.806025898099428,-3.4772313648622597,-0.000250699100675074,-3.0190206418223773
2.206999999999868,10.802548666734566,-3.4871419864291138,-0.000250699100675074,-3.0190206418223773
2.207999999999868,10.799061524748137,-3.497053227967237,-0.000250699100675074,-3.0190206418223773
2.2089999999998677,10.79556447152017,-3.5069650912800725,-0.000250699100675074,-3.0190206418223773
2.2099999999998676,10.79205750642889,-3.516877578171509,-0.000250699100675074,-3.0190206418223773
2.2109999999998675,10.788540628850718,-3.5267906904458806,-0.000250699100675074,-3.0190206418223773
2.2119999999998674,10.785013838160273,-3.536704429907969,-0.000250699100675074,-3.0190206418223773
2.2129999999998673,10.781477133730364,-3.5466187983630055,-0.000250699100675074,-3.0190206418223773
2.213999999999867,10.777930514932,-3.5565337976166704,-0.000250699100675074,-3.0190206418223773
2.214999999999867,10.774373981134383,-3.5664494294750964,-0.000250699100675074,-3.0190206418223773
2.215999999999867,10.770807531704909,-3.5763656957448684,-0.000250699100675074,-3.0190206418223773
2.216999999999867,10.767231166009164,-3.5862825982330255,-0.000250699100675074,-3.0190206418223773
2.2179999999998667,10.763644883410931,-3.5962001387470623,-0.000250699100675074,-3.0190206418223773
2.2189999999998666,10.760048683272185,-3.60611831909493,-0.000250699100675074,-3.0190206418223773
2.2199999999998665,10.75644256495309,-3.6160371410850383,-0.000250699100675074,-3.0190206418223773
2.2209999999998664,10.752826527812005,-3.6259566065262567,-0.000250699100675074,-3.0190206418223773
2.2219999999998663,10.749200571205478,-3.6358767172279145,-0.000250699100675074,-3.0190206418223773
2.222999999999866,10.74556469448825,-3.6457974749998043,-0.000250699100675074,-3.0190206418223773
2.223999999999866,10.74191889701325,-3.6557188816521813,-0.000250699100675074,-3.0190206418223773
2.224999999999866,10.738263178131596,-3.6656409389957663,-0.000250699100675074,-3.0190206418223773
2.225999999999866,10.7345975371926,-3.6755636488417456,-0.000250699100675074,-3.0190206418223773
2.2269999999998658,10.730921973543758,-3.6854870130017736,-0.000250699100675074,-3.0190206418223773
2.2279999999998656,10.727236486530757,-3.6954110332879733,-0.000250699100675074,-3.0190206418223773
2.2289999999998655,10.723541075497469,-3.7053357115129377,-0.000250699100675074,-3.0190206418223773
2.2299999999998654,10.719835739785955,-3.715261049489732,-0.000250699100675074,-3.0190206418223773
2.2309999999998653,10.716120478736466,-3.7251870490318937,-0.000250699100675074,-3.0190206418223773
2.231999999999865,10.712395291687434,-3.735113711953435,-0.000250699100675074,-3.0190206418223773
2.232999999999865,10.708660177975482,-3.745041040068844,-0.000250699100675074,-3.0190206418223773
2.233999999999865,10.704915136935412,-3.754969035193085,-0.000250699100675074,-3.0190206418223773
2.234999999999865,10.70116016790022,-3.764897699141601,-0.000250699100675074,-3.0190206418223773
2.2359999999998648,10.697395270201078,-3.7748270337303147,-0.000250699100675074,-3.0190206418223773
2.2369999999998647,10.693620443167347,-3.78475704077563,-0.000250699100675074,-3.0190206418223773
2.2379999999998645,10.689835686126571,-3.794687722094433,-0.000250699100675074,-3.0190206418223773
2.2389999999998644,10.686040998404478,-3.8046190795040933,-0.000250699100675074,-3.0190206418223773
2.2399999999998643,10.682236379324973,-3.814551114822466,-0.000250699100675074,-3.0190206418223773
2.240999999999864,10.67842182821015,-3.8244838298678925,-0.000250699100675074,-3.0190206418223773
2.241999999999864,10.674597344380281,-3.834417226459202,-0.000250699100675074,-3.0190206418223773
2.242999999999864,10.670762927153822,-3.844351306415712,-0.000250699100675074,-3.0190206418223773
2.243999999999864,10.666918575847406,-3.8542860715572322,-0.000250699100675074,-3.0190206418223773
2.2449999999998638,10.663064289775848,-3.8642215237040634,-0.000250699100675074,-3.0190206418223773
2.2459999999998637,10.659200068252144,-3.874157664676999,-0.000250699100675074,-3.0190206418223773
2.2469999999998636,10.655325910587466,-3.884094496297328,-0.000250699100675074,-3.0190206418223773
2.2479999999998634,10.651441816091168,-3.894032020386834,-0.000250699100675074,-3.0190206418223773
2.2489999999998633,10.647547784070781,-3.9039702387678,-0.000250699100675074,-3.0190206418223773
2.249999999999863,10.643643813832012,-3.9139091532630053,-0.000250699100675074,-3.0190206418223773
2.250999999999863,10.639729904678749,-3.923848765695731,-0.000250699100675074,-3.0190206418223773
2.251999999999863,10.635806055913053,-3.9337890778897586,-0.000250699100675074,-3.0190206418223773
2.252999999999863,10.631872266835163,-3.943730091669373,-0.000250699100675074,-3.0190206418223773
2.253999999999863,10.627928536743493,-3.953671808859363,-0.000250699100675074,-3.0190206418223773
2.2549999999998627,10.623974864934633,-3.9636142312850224,-0.000250699100675074,-3.0190206418223773
2.2559999999998626,10.620011250703348,-3.973557360772153,-0.000250699100675074,-3.0190206418223773
2.2569999999998624,10.616037693342575,-3.9835011991470637,-0.000250699100675074,-3.0190206418223773
2.2579999999998623,10.612054192143427,-3.993445748236573,-0.000250699100675074,-3.0190206418223773
2.2589999999998622,10.608060746395191,-4.003391009868012,-0.000250699100675074,-3.0190206418223773
2.259999999999862,10.604057355385324,-4.013336985869222,-0.000250699100675074,-3.0190206418223773
2.260999999999862,10.600044018399455,-4.023283678068558,-0.000250699100675074,-3.0190206418223773
2.261999999999862,10.596020734721387,-4.033231088294892,-0.000250699100675074,-3.0190206418223773
2.262999999999862,10.591987503633092,-4.043179218377611,-0.000250699100675074,-3.0190206418223773
2.2639999999998617,10.587944324414714,-4.053128070146622,-0.000250699100675074,-3.0190206418223773
2.2649999999998616,10.583891196344567,-4.063077645432347,-0.000250699100675074,-3.0190206418223773
2.2659999999998615,10.579828118699135,-4.073027946065733,-0.000250699100675074,-3.0190206418223773
2.2669999999998613,10.57575509075307,-4.082978973878245,-0.000250699100675074,-3.0190206418223773
2.2679999999998612,10.571672111779192,-4.092930730701875,-0.000250699100675074,-3.0190206418223773
2.268999999999861,10.56757918104849,-4.102883218369136,-0.000250699100675074,-3.0190206418223773
2.269999999999861,10.563476297830121,-4.11283643871307,-0.000250699100675074,-3.0190206418223773
2.270999999999861,10.559363461391408,-4.122790393567246,-0.000250699100675074,-3.0190206418223773
2.271999999999861,10.55524067099784,-4.13274508476576,-0.000250699100675074,-3.0190206418223773
2.2729999999998607,10.551107925913074,-4.14270051414324,-0.000250699100675074,-3.0190206418223773
2.2739999999998606,10.546965225398932,-4.152656683534845,-0.000250699100675074,-3.0190206418223773
2.2749999999998605,10.542812568715396,-4.162613594776268,-0.000250699100675074,-3.0190206418223773
2.2759999999998604,10.53864995512062,-4.172571249703734,-0.000250699100675074,-3.0190206418223773
2.2769999999998602,10.534477383870916,-4.182529650154005,-0.000250699100675074,-3.0190206418223773
2.27799999999986,10.530294854220763,-4.192488797964381,-0.000250699100675074,-3.0190206418223773
2.27899999999986,10.5261023654228,-4.202448694972699,-0.000250699100675074,-3.0190206418223773
2.27999999999986,10.521899916727827,-4.212409343017337,-0.000250699100675074,-3.0190206418223773
2.28099999999986,10.51768750738481,-4.222370743937214,-0.000250699100675074,-3.0190206418223773
2.2819999999998597,10.513465136640873,-4.232332899571791,-0.000250699100675074,-3.0190206418223773
2.2829999999998596,10.509232803741302,-4.242295811761074,-0.000250699100675074,-3.0190206418223773
2.2839999999998595,10.504990507929541,-4.252259482345614,-0.000250699100675074,-3.0190206418223773
2.2849999999998594,10.500738248447195,-4.262223913166508,-0.000250699100675074,-3.0190206418223773
2.2859999999998593,10.49647602453403,-4.272189106065404,-0.000250699100675074,-3.0190206418223773
2.286999999999859,10.492203835427963,-4.282155062884494,-0.000250699100675074,-3.0190206418223773
2.287999999999859,10.487921680365078,-4.292121785466528,-0.000250699100675074,-3.0190206418223773
2.288999999999859,10.483629558579612,-4.302089275654804,-0.000250699100675074,-3.0190206418223773
2.289999999999859,10.479327469303957,-4.312057535293175,-0.000250699100675074,-3.0190206418223773
2.2909999999998587,10.475015411768664,-4.322026566226048,-0.000250699100675074,-3.0190206418223773
2.2919999999998586,10.470693385202438,-4.331996370298389,-0.000250699100675074,-3.0190206418223773
2.2929999999998585,10.466361388832139,-4.341966949355719,-0.000250699100675074,-3.0190206418223773
2.2939999999998584,10.462019421882783,-4.351938305244121,-0.000250699100675074,-3.0190206418223773
2.2949999999998583,10.457667483577538,-4.361910439810238,-0.000250699100675074,-3.0190206418223773
2.295999999999858,10.453305573137728,-4.371883354901273,-0.000250699100675074,-3.0190206418223773
2.296999999999858,10.448933689782827,-4.381857052364997,-0.000250699100675074,-3.0190206418223773
2.297999999999858,10.444551832730461,-4.391831534049741,-0.000250699100675074,-3.0190206418223773
2.298999999999858,10.44016000119641,-4.4018068018044065,-0.000250699100675074,-3.0190206418223773
2.2999999999998577,10.435758194394607,-4.41178285747846,-0.000250699100675074,-3.0190206418223773
2.3009999999998576,10.43134641153713,-4.421759702921939,-0.000250699100675074,-3.0190206418223773
2.3019999999998575,10.426924651834208,-4.43173733998545,-0.000250699100675074,-3.0190206418223773
2.3029999999998574,10.422492914494223,-4.441715770520172,-0.000250699100675074,-3.0190206418223773
2.3039999999998573,10.418051198723703,-4.451694996377859,-0.000250699100675074,-3.0190206418223773
2.304999999999857,10.413599503727324,-4.461675019410838,-0.000250699100675074,-3.0190206418223773
2.305999999999857,10.409137828707914,-4.471655841472012,-0.000250699100675074,-3.0190206418223773
2.306999999999857,10.404666172866442,-4.481637464414863,-0.000250699100675074,-3.0190206418223773
2.307999999999857,10.400184535402026,-4.491619890093451,-0.000250699100675074,-3.0190206418223773
2.3089999999998567,10.395692915511933,-4.501603120362417,-0.000250699100675074,-3.0190206418223773
2.3099999999998566,10.391191312391571,-4.511587157076984,-0.000250699100675074,-3.0190206418223773
2.3109999999998565,10.386679725234494,-4.521572002092957,-0.000250699100675074,-3.0190206418223773
2.3119999999998564,10.382158153232401,-4.531557657266727,-0.000250699100675074,-3.0190206418223773
2.3129999999998563,10.377626595575135,-4.54154412445527,-0.000250699100675074,-3.0190206418223773
2.313999999999856,10.37308505145068,-4.551531405516151,-0.000250699100675074,-3.0190206418223773
2.314999999999856,10.368533520045164,-4.561519502307523,-0.000250699100675074,-3.0190206418223773
2.315999999999856,10.363972000542857,-4.571508416688129,-0.000250699100675074,-3.0190206418223773
2.316999999999856,10.359400492126168,-4.581498150517304,-0.000250699100675074,-3.0190206418223773
2.3179999999998557,10.35481899397565,-4.591488705654977,-0.000250699100675074,-3.0190206418223773
2.3189999999998556,10.350227505269995,-4.601480083961671,-0.000250699100675074,-3.0190206418223773
2.3199999999998555,10.345626025186034,-4.611472287298504,-0.000250699100675074,-3.0190206418223773
2.3209999999998554,10.341014552898736,-4.621465317527194,-0.000250699100675074,-3.0190206418223773
2.3219999999998553,10.33639308758121,-4.631459176510054,-0.000250699100675074,-3.0190206418223773
2.322999999999855,10.3317616284047,-4.641453866110002,-0.000250699100675074,-3.0190206418223773
2.323999999999855,10.327120174538589,-4.651449388190553,-0.000250699100675074,-3.0190206418223773
2.324999999999855,10.322468725150399,-4.661445744615829,-0.000250699100675074,-3.0190206418223773
2.325999999999855,10.317807279405784,-4.671442937250554,-0.000250699100675074,-3.0190206418223773
2.3269999999998547,10.313135836468533,-4.68144096796006,-0.000250699100675074,-3.0190206418223773
2.3279999999998546,10.308454395500572,-4.691439838610284,-0.000250699100675074,-3.0190206418223773
2.3289999999998545,10.303762955661961,-4.701439551067774,-0.000250699100675074,-3.0190206418223773
2.3299999999998544,10.299061516110893,-4.711440107199688,-0.000250699100675074,-3.0190206418223773
2.3309999999998543,10.294350076003694,-4.721441508873793,-0.000250699100675074,-3.0190206418223773
2.331999999999854,10.28962863449482,-4.731443757958473,-0.000250699100675074,-3.0190206418223773
2.332999999999854,10.284897190736862,-4.7414468563227254,-0.000250699100675074,-3.0190206418223773
2.333999999999854,10.280155743880538,-4.7514508058361615,-0.000250699100675074,-3.0190206418223773
2.334999999999854,10.275404293074702,-4.761455608369013,-0.000250699100675074,-3.0190206418223773
2.3359999999998537,10.270642837466333,-4.771461265792127,-0.000250699100675074,-3.0190206418223773
2.3369999999998536,10.265871376200542,-4.781467779976976,-0.000250699100675074,-3.0190206418223773
2.3379999999998535,10.261089908420564,-4.791475152795648,-0.000250699100675074,-3.0190206418223773
2.3389999999998534,10.256298433267768,-4.801483386120861,-0.000250699100675074,-3.0190206418223773
2.3399999999998533,10.251496949881647,-4.811492481825951,-0.000250699100675074,-3.0190206418223773
2.340999999999853,10.24668545739982,-4.821502441784885,-0.000250699100675074,-3.0190206418223773
2.341999999999853,10.241863954958035,-4.831513267872254,-0.000250699100675074,-3.0190206418223773
2.342999999999853,10.237032441690163,-4.841524961963281,-0.000250699100675074,-3.0190206418223773
2.343999999999853,10.2321909167282,-4.851537525933818,-0.000250699100675074,-3.0190206418223773
2.3449999999998528,10.227339379202267,-4.861550961660347,-0.000250699100675074,-3.0190206418223773
2.3459999999998526,10.222477828240606,-4.871565271019987,-0.000250699100675074,-3.0190206418223773
2.3469999999998525,10.217606262969586,-4.881580455890489,-0.000250699100675074,-3.0190206418223773
2.3479999999998524,10.212724682513695,-4.891596518150242,-0.000250699100675074,-3.0190206418223773
2.3489999999998523,10.207833085995544,-4.90161345967827,-0.000250699100675074,-3.0190206418223773
2.349999999999852,10.202931472535866,-4.911631282354239,-0.000250699100675074,-3.0190206418223773
2.350999999999852,10.198019841253512,-4.921649988058454,-0.000250699100675074,-3.0190206418223773
2.351999999999852,10.193098191265452,-4.931669578671863,-0.000250699100675074,-3.0190206418223773
2.352999999999852,10.18816652168678,-4.941690056076054,-0.000250699100675074,-3.0190206418223773
2.3539999999998518,10.183224831630703,-4.951711422153266,-0.000250699100675074,-3.0190206418223773
2.3549999999998517,10.17827312020855,-4.961733678786378,-0.000250699100675074,-3.0190206418223773
2.3559999999998515,10.173311386529763,-4.971756827858922,-0.000250699100675074,-3.0190206418223773
2.3569999999998514,10.168339629701904,-4.981780871255076,-0.000250699100675074,-3.0190206418223773
2.3579999999998513,10.16335784883065,-4.991805810859669,-0.000250699100675074,-3.0190206418223773
2.358999999999851,10.15836604301979,-5.001831648558183,-0.000250699100675074,-3.0190206418223773
2.359999999999851,10.153364211371231,-5.011858386236755,-0.000250699100675074,-3.0190206418223773
2.360999999999851,10.148352352984995,-5.021886025782173,-0.000250699100675074,-3.0190206418223773
2.361999999999851,10.143330466959213,-5.031914569081886,-0.000250699100675074,-3.0190206418223773
2.3629999999998508,10.13829855239013,-5.041944018023998,-0.000250699100675074,-3.0190206418223773
2.3639999999998507,10.133256608372108,-5.051974374497275,-0.000250699100675074,-3.0190206418223773
2.3649999999998506,10.12820463399761,-5.062005640391142,-0.000250699100675074,-3.0190206418223773
2.3659999999998504,10.123142628357218,-5.072037817595686,-0.000250699100675074,-3.0190206418223773
2.3669999999998503,10.118070590539622,-5.0820709080016595,-0.000250699100675074,-3.0190206418223773
2.3679999999998502,10.112988519631621,-5.09210491350048,-0.000250699100675074,-3.0190206418223773
2.36899999999985,10.10789641471812,-5.1021398359842305,-0.000250699100675074,-3.0190206418223773
2.36999999999985,10.102794274882136,-5.112175677345664,-0.000250699100675074,-3.0190206418223773
2.37099999999985,10.09768209920479,-5.122212439478202,-0.000250699100675074,-3.0190206418223773
2.37199999999985,10.092559886765313,-5.132250124275938,-0.000250699100675074,-3.0190206418223773
2.3729999999998497,10.087427636641037,-5.142288733633638,-0.000250699100675074,-3.0190206418223773
2.3739999999998496,10.082285347907403,-5.152328269446742,-0.000250699100675074,-3.0190206418223773
2.3749999999998495,10.077133019637957,-5.162368733611366,-0.000250699100675074,-3.0190206418223773
2.3759999999998493,10.071970650904346,-5.1724101280243024,-0.000250699100675074,-3.0190206418223773
2.3769999999998492,10.066798240776322,-5.182452454583023,-0.000250699100675074,-3.0190206418223773
2.377999999999849,10.061615788321738,-5.19249571518568,-0.000250699100675074,-3.0190206418223773
2.378999999999849,10.056423292606553,-5.202539911731105,-0.000250699100675074,-3.0190206418223773
2.379999999999849,10.051220752694821,-5.212585046118814,-0.000250699100675074,-3.0190206418223773
2.380999999999849,10.046008167648703,-5.22263112024901,-0.000250699100675074,-3.0190206418223773
2.3819999999998487,10.040785536528453,-5.232678136022577,-0.000250699100675074,-3.0190206418223773
2.3829999999998486,10.03555285839243,-5.242726095341091,-0.000250699100675074,-3.0190206418223773
2.3839999999998485,10.030310132297089,-5.252775000106814,-0.000250699100675074,-3.0190206418223773
2.3849999999998484,10.025057357296982,-5.262824852222701,-0.000250699100675074,-3.0190206418223773
2.3859999999998482,10.01979453244476,-5.272875653592395,-0.000250699100675074,-3.0190206418223773
2.386999999999848,10.014521656791167,-5.282927406120238,-0.000250699100675074,-3.0190206418223773
2.387999999999848,10.009238729385046,-5.292980111711262,-0.000250699100675074,-3.0190206418223773
2.388999999999848,10.003945749273335,-5.303033772271197,-0.000250699100675074,-3.0190206418223773
2.389999999999848,9.998642715501063,-5.313088389706473,-0.000250699100675074,-3.0190206418223773
2.3909999999998477,9.993329627111356,-5.323143965924216,-0.000250699100675074,-3.0190206418223773
2.3919999999998476,9.988006483145432,-5.333200502832255,-0.000250699100675074,-3.0190206418223773
2.3929999999998475,9.9826732826426,-5.3432580023391205,-0.000250699100675074,-3.0190206418223773
2.3939999999998474,9.97733002464026,-5.353316466354048,-0.000250699100675074,-3.0190206418223773
2.3949999999998473,9.971976708173905,-5.363375896786978,-0.000250699100675074,-3.0190206418223773
2.395999999999847,9.966613332277118,-5.373436295548555,-0.000250699100675074,-3.0190206418223773
2.396999999999847,9.96123989598157,-5.383497664550137,-0.000250699100675074,-3.0190206418223773
2.397999999999847,9.955856398317021,-5.3935600057037885,-0.000250699100675074,-3.0190206418223773
2.398999999999847,9.950462838311317,-5.403623320922286,-0.000250699100675074,-3.0190206418223773
2.3999999999998467,9.945059214990394,-5.413687612119118,-0.000250699100675074,-3.0190206418223773
2.4009999999998466,9.939645527378275,-5.4237528812084905,-0.000250699100675074,-3.0190206418223773
2.4019999999998465,9.934221774497066,-5.433819130105322,-0.000250699100675074,-3.0190206418223773
2.4029999999998464,9.92878795536696,-5.44388636072525,-0.000250699100675074,-3.0190206418223773
2.4039999999998463,9.923344069006236,-5.453954574984629,-0.000250699100675074,-3.0190206418223773
2.404999999999846,9.91789011443125,-5.464023774800538,-0.000250699100675074,-3.0190206418223773
2.405999999999846,9.91242609065645,-5.474093962090773,-0.000250699100675074,-3.0190206418223773
2.406999999999846,9.906951996694358,-5.484165138773858,-0.000250699100675074,-3.0190206418223773
2.407999999999846,9.901467831555584,-5.494237306769039,-0.000250699100675074,-3.0190206418223773
2.4089999999998457,9.895973594248815,-5.504310467996288,-0.000250699100675074,-3.0190206418223773
2.4099999999998456,9.890469283780819,-5.514384624376308,-0.000250699100675074,-3.0190206418223773
2.4109999999998455,9.884954899156442,-5.524459777830528,-0.000250699100675074,-3.0190206418223773
2.4119999999998454,9.879430439378611,-5.534535930281112,-0.000250699100675074,-3.0190206418223773
2.4129999999998453,9.87389590344833,-5.544613083650951,-0.000250699100675074,-3.0190206418223773
2.413999999999845,9.868351290364679,-5.554691239863676,-0.000250699100675074,-3.0190206418223773
2.414999999999845,9.862796599124815,-5.564770400843649,-0.000250699100675074,-3.0190206418223773
2.415999999999845,9.857231828723972,-5.574850568515972,-0.000250699100675074,-3.0190206418223773
2.416999999999845,9.851656978155455,-5.584931744806483,-0.000250699100675074,-3.0190206418223773
2.4179999999998447,9.846072046410649,-5.595013931641763,-0.000250699100675074,-3.0190206418223773
2.4189999999998446,9.840477032479008,-5.605097130949132,-0.000250699100675074,-3.0190206418223773
2.4199999999998445,9.834871935348058,-5.615181344656655,-0.000250699100675074,-3.0190206418223773
2.4209999999998444,9.829256754003401,-5.625266574693141,-0.000250699100675074,-3.0190206418223773
2.4219999999998443,9.823631487428708,-5.635352822988145,-0.000250699100675074,-3.0190206418223773
2.422999999999844,9.81799613460572,-5.64544009147197,-0.000250699100675074,-3.0190206418223773
2.423999999999844,9.812350694514247,-5.655528382075669,-0.000250699100675074,-3.0190206418223773
2.424999999999844,9.806695166132172,-5.6656176967310445,-0.000250699100675074,-3.0190206418223773
2.425999999999844,9.80102954843544,-5.675708037370652,-0.000250699100675074,-3.0190206418223773
2.4269999999998437,9.79535384039807,-5.6857994059278,-0.000250699100675074,-3.0190206418223773
2.4279999999998436,9.789668040992142,-5.695891804336554,-0.000250699100675074,-3.0190206418223773
2.4289999999998435,9.783972149187806,-5.705985234531736,-0.000250699100675074,-3.0190206418223773
2.4299999999998434,9.778266163953274,-5.716079698448927,-0.000250699100675074,-3.0190206418223773
2.4309999999998433,9.772550084254826,-5.726175198024465,-0.000250699100675074,-3.0190206418223773
2.431999999999843,9.766823909056802,-5.736271735195453,-0.000250699100675074,-3.0190206418223773
2.432999999999843,9.761087637321607,-5.746369311899756,-0.000250699100675074,-3.0190206418223773
2.433999999999843,9.755341268009706,-5.7564679300760035,-0.000250699100675074,-3.0190206418223773
2.434999999999843,9.74958480007963,-5.76656759166359,-0.000250699100675074,-3.0190206418223773
2.4359999999998427,9.743818232487966,-5.77666829860268,-0.000250699100675074,-3.0190206418223773
2.4369999999998426,9.738041564189363,-5.786770052834207,-0.000250699100675074,-3.0190206418223773
2.4379999999998425,9.732254794136528,-5.796872856299873,-0.000250699100675074,-3.0190206418223773
2.4389999999998424,9.726457921280229,-5.806976710942155,-0.000250699100675074,-3.0190206418223773
2.4399999999998423,9.720650944569286,-5.817081618704302,-0.000250699100675074,-3.0190206418223773
2.440999999999842,9.71483386295058,-5.82718758153034,-0.000250699100675074,-3.0190206418223773
2.441999999999842,9.70900667536905,-5.837294601365071,-0.000250699100675074,-3.0190206418223773
2.442999999999842,9.703169380767685,-5.847402680154076,-0.000250699100675074,-3.0190206418223773
2.443999999999842,9.697321978087531,-5.857511819843716,-0.000250699100675074,-3.0190206418223773
2.4449999999998417,9.691464466267687,-5.867622022381134,-0.000250699100675074,-3.0190206418223773
2.4459999999998416,9.685596844245307,-5.877733289714256,-0.000250699100675074,-3.0190206418223773
2.4469999999998415,9.679719110955592,-5.887845623791794,-0.000250699100675074,-3.0190206418223773
2.4479999999998414,9.6738312653318,-5.897959026563243,-0.000250699100675074,-3.0190206418223773
2.4489999999998413,9.667933306305237,-5.908073499978889,-0.000250699100675074,-3.0190206418223773
2.449999999999841,9.662025232805258,-5.918189045989807,-0.000250699100675074,-3.0190206418223773
2.450999999999841,9.656107043759269,-5.928305666547863,-0.000250699100675074,-3.0190206418223773
2.451999999999841,9.650178738092722,-5.938423363605715,-0.000250699100675074,-3.0190206418223773
2.452999999999841,9.644240314729116,-5.948542139116814,-0.000250699100675074,-3.0190206418223773
2.4539999999998408,9.638291772589998,-5.95866199503541,-0.000250699100675074,-3.0190206418223773
2.4549999999998406,9.632333110594962,-5.968782933316548,-0.000250699100675074,-3.0190206418223773
2.4559999999998405,9.626364327661646,-5.978904955916072,-0.000250699100675074,-3.0190206418223773
2.4569999999998404,9.62038542270573,-5.989028064790626,-0.000250699100675074,-3.0190206418223773
2.4579999999998403,9.61439639464094,-5.99915226189766,-0.000250699100675074,-3.0190206418223773
2.45899999999984,9.608397242379041,-6.009277549195422,-0.000250699100675074,-3.0190206418223773
2.45999999999984,9.602387964829846,-6.0194039286429675,-0.000250699100675074,-3.0190206418223773
2.46099999999984,9.596368560901203,-6.029531402200161,-0.000250699100675074,-3.0190206418223773
2.46199999999984,9.590339029499003,-6.039659971827671,-0.000250699100675074,-3.0190206418223773
2.4629999999998398,9.584299369527175,-6.0497896394869795,-0.000250699100675074,-3.0190206418223773
2.4639999999998397,9.578249579887688,-6.059920407140378,-0.000250699100675074,-3.0190206418223773
2.4649999999998395,9.572189659480546,-6.070052276750973,-0.000250699100675074,-3.0190206418223773
2.4659999999998394,9.566119607203795,-6.080185250282683,-0.000250699100675074,-3.0190206418223773
2.4669999999998393,9.560039421953512,-6.090319329700244,-0.000250699100675074,-3.0190206418223773
2.467999999999839,9.553949102623811,-6.1004545169692115,-0.000250699100675074,-3.0190206418223773
2.468999999999839,9.547848648106841,-6.110590814055957,-0.000250699100675074,-3.0190206418223773
2.469999999999839,9.541738057292786,-6.120728222927676,-0.000250699100675074,-3.0190206418223773
2.470999999999839,9.535617329069858,-6.130866745552385,-0.000250699100675074,-3.0190206418223773
2.4719999999998388,9.529486462324305,-6.141006383898926,-0.000250699100675074,-3.0190206418223773
2.4729999999998387,9.523345455940406,-6.151147139936965,-0.000250699100675074,-3.0190206418223773
2.4739999999998386,9.51719430880047,-6.161289015636996,-0.000250699100675074,-3.0190206418223773
2.4749999999998384,9.511033019784833,-6.171432012970342,-0.000250699100675074,-3.0190206418223773
2.4759999999998383,9.504861587771863,-6.181576133909158,-0.000250699100675074,-3.0190206418223773
2.476999999999838,9.498680011637955,-6.191721380426429,-0.000250699100675074,-3.0190206418223773
2.477999999999838,9.492488290257528,-6.201867754495975,-0.000250699100675074,-3.0190206418223773
2.478999999999838,9.486286422503031,-6.212015258092451,-0.000250699100675074,-3.0190206418223773
2.479999999999838,9.480074407244938,-6.222163893191348,-0.000250699100675074,-3.0190206418223773
2.480999999999838,9.473852243351747,-6.2323136617689965,-0.000250699100675074,-3.0190206418223773
2.4819999999998377,9.467619929689977,-6.2424645658025675,-0.000250699100675074,-3.0190206418223773
2.4829999999998376,9.461377465124174,-6.252616607270074,-0.000250699100675074,-3.0190206418223773
2.4839999999998374,9.455124848516904,-6.26276978815037,-0.000250699100675074,-3.0190206418223773
2.4849999999998373,9.448862078728753,-6.272924110423158,-0.000250699100675074,-3.0190206418223773
2.4859999999998372,9.44258915461833,-6.283079576068984,-0.000250699100675074,-3.0190206418223773
2.486999999999837,9.436306075042262,-6.293236187069245,-0.000250699100675074,-3.0190206418223773
2.487999999999837,9.430012838855193,-6.303393945406184,-0.000250699100675074,-3.0190206418223773
2.488999999999837,9.423709444909786,-6.313552853062899,-0.000250699100675074,-3.0190206418223773
2.489999999999837,9.417395892056723,-6.323712912023339,-0.000250699100675074,-3.0190206418223773
2.4909999999998367,9.4110721791447,-6.333874124272309,-0.000250699100675074,-3.0190206418223773
2.4919999999998366,9.404738305020427,-6.344036491795469,-0.000250699100675074,-3.0190206418223773
2.4929999999998365,9.398394268528632,-6.354200016579338,-0.000250699100675074,-3.0190206418223773
2.4939999999998363,9.392040068512053,-6.364364700611294,-0.000250699100675074,-3.0190206418223773
2.4949999999998362,9.385675703811442,-6.3745305458795745,-0.000250699100675074,-3.0190206418223773
2.495999999999836,9.379301173265562,-6.3846975543732825,-0.000250699100675074,-3.0190206418223773
2.496999999999836,9.372916475711188,-6.394865728082384,-0.000250699100675074,-3.0190206418223773
2.497999999999836,9.366521609983105,-6.405035068997711,-0.000250699100675074,-3.0190206418223773
2.498999999999836,9.360116574914107,-6.415205579110964,-0.000250699100675074,-3.0190206418223773
2.4999999999998357,9.353701369334996,-6.42537726041471,-0.000250699100675074,-3.0190206418223773
2.5009999999998356,9.34727599207458,-6.435550114902391,-0.000250699100675074,-3.0190206418223773
2.5019999999998355,9.340840441959678,-6.445724144568318,-0.000250699100675074,-3.0190206418223773
2.5029999999998354,9.33439471781511,-6.455899351407679,-0.000250699100675074,-3.0190206418223773
2.5039999999998352,9.327938818463702,-6.466075737416534,-0.000250699100675074,-3.0190206418223773
2.504999999999835,9.321472742726286,-6.4762533045918245,-0.000250699100675074,-3.0190206418223773
2.505999999999835,9.314996489421693,-6.4864320549313685,-0.000250699100675074,-3.0190206418223773
2.506999999999835,9.308510057366762,-6.496611990433865,-0.000250699100675074,-3.0190206418223773
2.507999999999835,9.302013445376328,-6.506793113098897,-0.000250699100675074,-3.0190206418223773
2.5089999999998347,9.29550665226323,-6.51697542492693,-0.000250699100675074,-3.0190206418223773
2.5099999999998346,9.288989676838304,-6.527158927919314,-0.000250699100675074,-3.0190206418223773
2.5109999999998345,9.282462517910384,-6.537343624078288,-0.000250699100675074,-3.0190206418223773
2.5119999999998344,9.275925174286305,-6.547529515406979,-0.000250699100675074,-3.0190206418223773
2.5129999999998343,9.269377644770898,-6.557716603909406,-0.000250699100675074,-3.0190206418223773
2.513999999999834,9.262819928166989,-6.567904891590478,-0.000250699100675074,-3.0190206418223773
2.514999999999834,9.2562520232754,-6.578094380456,-0.000250699100675074,-3.0190206418223773
2.515999999999834,9.249673928894943,-6.588285072512671,-0.000250699100675074,-3.0190206418223773
2.516999999999834,9.24308564382243,-6.598476969768088,-0.000250699100675074,-3.0190206418223773
2.5179999999998337,9.236487166852662,-6.608670074230745,-0.000250699100675074,-3.0190206418223773
2.5189999999998336,9.229878496778431,-6.6188643879100395,-0.000250699100675074,-3.0190206418223773
2.5199999999998335,9.223259632390521,-6.629059912816269,-0.000250699100675074,-3.0190206418223773
2.5209999999998334,9.216630572477705,-6.639256650960634,-0.000250699100675074,-3.0190206418223773
2.5219999999998333,9.209991315826745,-6.649454604355244,-0.000250699100675074,-3.0190206418223773
2.522999999999833,9.20334186122239,-6.65965377501311,-0.000250699100675074,-3.0190206418223773
2.523999999999833,9.196682207447376,-6.669854164948157,-0.000250699100675074,-3.0190206418223773
2.524999999999833,9.190012353282427,-6.680055776175219,-0.000250699100675074,-3.0190206418223773
2.525999999999833,9.18333229750625,-6.690258610710039,-0.000250699100675074,-3.0190206418223773
2.5269999999998327,9.17664203889554,-6.700462670569278,-0.000250699100675074,-3.0190206418223773
2.5279999999998326,9.169941576224971,-6.71066795777051,-0.000250699100675074,-3.0190206418223773
2.5289999999998325,9.1632309082672,-6.720874474332227,-0.000250699100675074,-3.0190206418223773
2.5299999999998324,9.156510033792868,-6.731082222273839,-0.000250699100675074,-3.0190206418223773
2.5309999999998323,9.149778951570594,-6.741291203615677,-0.000250699100675074,-3.0190206418223773
2.531999999999832,9.143037660366979,-6.751501420378993,-0.000250699100675074,-3.0190206418223773
2.532999999999832,9.1362861589466,-6.761712874585966,-0.000250699100675074,-3.0190206418223773
2.533999999999832,9.129524446072015,-6.771925568259696,-0.000250699100675074,-3.0190206418223773
2.534999999999832,9.122752520503756,-6.7821395034242125,-0.000250699100675074,-3.0190206418223773
2.5359999999998317,9.11597038100033,-6.792354682104475,-0.000250699100675074,-3.0190206418223773
2.5369999999998316,9.109178026318226,-6.80257110632637,-0.000250699100675074,-3.0190206418223773
2.5379999999998315,9.102375455211899,-6.81278877811672,-0.000250699100675074,-3.0190206418223773
2.5389999999998314,9.095562666433782,-6.823007699503279,-0.000250699100675074,-3.0190206418223773
2.5399999999998313,9.088739658734278,-6.833227872514737,-0.000250699100675074,-3.0190206418223773
2.540999999999831,9.081906430861764,-6.843449299180722,-0.000250699100675074,-3.0190206418223773
2.541999999999831,9.075062981562583,-6.853671981531799,-0.000250699100675074,-3.0190206418223773
2.542999999999831,9.068209309581052,-6.863895921599476,-0.000250699100675074,-3.0190206418223773
2.543999999999831,9.061345413659453,-6.874121121416202,-0.000250699100675074,-3.0190206418223773
2.5449999999998307,9.054471292538036,-6.88434758301537,-0.000250699100675074,-3.0190206418223773
2.5459999999998306,9.04758694495502,-6.894575308431319,-0.000250699100675074,-3.0190206418223773
2.5469999999998305,9.040692369646589,-6.904804299699336,-0.000250699100675074,-3.0190206418223773
2.5479999999998304,9.03378756534689,-6.915034558855655,-0.000250699100675074,-3.0190206418223773
2.5489999999998303,9.026872530788033,-6.925266087937464,-0.000250699100675074,-3.0190206418223773
2.54999999999983,9.019947264700095,-6.935498888982901,-0.000250699100675074,-3.0190206418223773
2.55099999999983,9.013011765811113,-6.945732964031058,-0.000250699100675074,-3.0190206418223773
2.55199999999983,9.006066032847082,-6.955968315121986,-0.000250699100675074,-3.0190206418223773
2.55299999999983,8.99911006453196,-6.966204944296689,-0.000250699100675074,-3.0190206418223773
2.5539999999998297,8.992143859587664,-6.976442853597134,-0.000250699100675074,-3.0190206418223773
2.5549999999998296,8.985167416734066,-6.986682045066248,-0.000250699100675074,-3.0190206418223773
2.5559999999998295,8.978180734689,-6.996922520747919,-0.000250699100675074,-3.0190206418223773
2.5569999999998294,8.97118381216825,-7.007164282687003,-0.000250699100675074,-3.0190206418223773
2.5579999999998293,8.964176647885564,-7.017407332929319,-0.000250699100675074,-3.0190206418223773
2.558999999999829,8.957159240552635,-7.027651673521655,-0.000250699100675074,-3.0190206418223773
2.559999999999829,8.950131588879113,-7.037897306511769,-0.000250699100675074,-3.0190206418223773
2.560999999999829,8.943093691572601,-7.048144233948389,-0.000250699100675074,-3.0190206418223773
2.561999999999829,8.936045547338653,-7.058392457881218,-0.000250699100675074,-3.0190206418223773
2.5629999999998287,8.92898715488077,-7.068641980360932,-0.000250699100675074,-3.0190206418223773
2.5639999999998286,8.92191851290041,-7.078892803439185,-0.000250699100675074,-3.0190206418223773
2.5649999999998285,8.91483962009697,-7.089144929168608,-0.000250699100675074,-3.0190206418223773
2.5659999999998284,8.907750475167802,-7.099398359602812,-0.000250699100675074,-3.0190206418223773
2.5669999999998283,8.900651076808199,-7.10965309679639,-0.000250699100675074,-3.0190206418223773
2.567999999999828,8.893541423711403,-7.119909142804919,-0.000250699100675074,-3.0190206418223773
2.568999999999828,8.886421514568598,-7.13016649968496,-0.000250699100675074,-3.0190206418223773
2.569999999999828,8.879291348068913,-7.140425169494062,-0.000250699100675074,-3.0190206418223773
2.570999999999828,8.872150922899419,-7.150685154290762,-0.000250699100675074,-3.0190206418223773
2.5719999999998278,8.865000237745129,-7.160946456134586,-0.000250699100675074,-3.0190206418223773
2.5729999999998276,8.857839291288995,-7.171209077086055,-0.000250699100675074,-3.0190206418223773
2.5739999999998275,8.850668082211909,-7.181473019206681,-0.000250699100675074,-3.0190206418223773
2.5749999999998274,8.843486609192702,-7.191738284558974,-0.000250699100675074,-3.0190206418223773
2.5759999999998273,8.836294870908143,-7.2020048752064385,-0.000250699100675074,-3.0190206418223773
2.576999999999827,8.829092866032935,-7.212272793213581,-0.000250699100675074,-3.0190206418223773
2.577999999999827,8.821880593239722,-7.222542040645906,-0.000250699100675074,-3.0190206418223773
2.578999999999827,8.814658051199077,-7.2328126195699225,-0.000250699100675074,-3.0190206418223773
2.579999999999827,8.807425238579507,-7.243084532053143,-0.000250699100675074,-3.0190206418223773
2.5809999999998268,8.800182154047453,-7.253357780164087,-0.000250699100675074,-3.0190206418223773
2.5819999999998267,8.79292879626729,-7.263632365972281,-0.000250699100675074,-3.0190206418223773
2.5829999999998265,8.785665163901317,-7.273908291548261,-0.000250699100675074,-3.0190206418223773
2.5839999999998264,8.778391255609769,-7.284185558963573,-0.000250699100675074,-3.0190206418223773
2.5849999999998263,8.771107070050805,-7.294464170290778,-0.000250699100675074,-3.0190206418223773
2.585999999999826,8.763812605880513,-7.304744127603452,-0.000250699100675074,-3.0190206418223773
2.586999999999826,8.75650786175291,-7.315025432976186,-0.000250699100675074,-3.0190206418223773
2.587999999999826,8.749192836319933,-7.32530808848459,-0.000250699100675074,-3.0190206418223773
2.588999999999826,8.741867528231449,-7.3355920962052945,-0.000250699100675074,-3.0190206418223773
2.5899999999998258,8.734531936135243,-7.345877458215952,-0.000250699100675074,-3.0190206418223773
2.5909999999998257,8.727186058677027,-7.356164176595238,-0.000250699100675074,-3.0190206418223773
2.5919999999998256,8.719829894500432,-7.366452253422853,-0.000250699100675074,-3.0190206418223773
2.5929999999998254,8.712463442247008,-7.376741690779526,-0.000250699100675074,-3.0190206418223773
2.5939999999998253,8.70508670055623,-7.387032490747014,-0.000250699100675074,-3.0190206418223773
2.5949999999998252,8.697699668065482,-7.397324655408106,-0.000250699100675074,-3.0190206418223773
2.595999999999825,8.690302343410075,-7.40761818684662,-0.000250699100675074,-3.0190206418223773
2.596999999999825,8.682894725223228,-7.417913087147413,-0.000250699100675074,-3.0190206418223773
2.597999999999825,8.67547681213608,-7.4282093583963755,-0.000250699100675074,-3.0190206418223773
2.598999999999825,8.668048602777684,-7.438507002680436,-0.000250699100675074,-3.0190206418223773
2.5999999999998247,8.660610095775004,-7.448806022087562,-0.000250699100675074,-3.0190206418223773
2.6009999999998246,8.653161289752916,-7.459106418706765,-0.000250699100675074,-3.0190206418223773
2.6019999999998245,8.645702183334208,-7.4694081946280955,-0.000250699100675074,-3.0190206418223773
2.6029999999998243,8.63823277513958,-7.479711351942653,-0.000250699100675074,-3.0190206418223773
2.6039999999998242,8.630753063787637,-7.490015892742582,-0.000250699100675074,-3.0190206418223773
2.604999999999824,8.623263047894895,-7.5003218191210745,-0.000250699100675074,-3.0190206418223773
2.605999999999824,8.615762726075774,-7.510629133172376,-0.000250699100675074,-3.0190206418223773
2.606999999999824,8.608252096942602,-7.520937836991781,-0.000250699100675074,-3.0190206418223773
2.607999999999824,8.60073115910561,-7.531247932675639,-0.000250699100675074,-3.0190206418223773
2.6089999999998237,8.593199911172935,-7.541559422321357,-0.000250699100675074,-3.0190206418223773
2.6099999999998236,8.585658351750613,-7.551872308027396,-0.000250699100675074,-3.0190206418223773
2.6109999999998235,8.578106479442585,-7.56218659189328,-0.000250699100675074,-3.0190206418223773
2.6119999999998234,8.570544292850691,-7.572502276019591,-0.000250699100675074,-3.0190206418223773
2.6129999999998232,8.562971790574672,-7.582819362507977,-0.000250699100675074,-3.0190206418223773
2.613999999999823,8.555388971212164,-7.5931378534611484,-0.000250699100675074,-3.0190206418223773
2.614999999999823,8.547795833358702,-7.603457750982884,-0.000250699100675074,-3.0190206418223773
2.615999999999823,8.540192375607718,-7.613779057178028,-0.000250699100675074,-3.0190206418223773
2.616999999999823,8.53257859655054,-7.624101774152498,-0.000250699100675074,-3.0190206418223773
2.6179999999998227,8.524954494776388,-7.634425904013283,-0.000250699100675074,-3.0190206418223773
2.6189999999998226,8.517320068872374,-7.644751448868445,-0.000250699100675074,-3.0190206418223773
2.6199999999998225,8.509675317423506,-7.655078410827121,-0.000250699100675074,-3.0190206418223773
2.6209999999998224,8.502020239012678,-7.665406791999527,-0.000250699100675074,-3.0190206418223773
2.6219999999998223,8.494354832220678,-7.675736594496958,-0.000250699100675074,-3.0190206418223773
2.622999999999822,8.486679095626181,-7.686067820431789,-0.000250699100675074,-3.0190206418223773
2.623999999999822,8.47899302780575,-7.696400471917479,-0.000250699100675074,-3.0190206418223773
2.624999999999822,8.471296627333832,-7.706734551068572,-0.000250699100675074,-3.0190206418223773
2.625999999999822,8.463589892782764,-7.717070060000698,-0.000250699100675074,-3.0190206418223773
2.6269999999998217,8.455872822722764,-7.727407000830576,-0.000250699100675074,-3.0190206418223773
2.6279999999998216,8.448145415721934,-7.737745375676013,-0.000250699100675074,-3.0190206418223773
2.6289999999998215,8.440407670346257,-7.748085186655912,-0.000250699100675074,-3.0190206418223773
2.6299999999998214,8.432659585159602,-7.758426435890266,-0.000250699100675074,-3.0190206418223773
2.6309999999998213,8.424901158723712,-7.768769125500167,-0.000250699100675074,-3.0190206418223773
2.631999999999821,8.417132389598212,-7.779113257607803,-0.000250699100675074,-3.0190206418223773
2.632999999999821,8.409353276340605,-7.789458834336462,-0.000250699100675074,-3.0190206418223773
2.633999999999821,8.401563817506268,-7.799805857810531,-0.000250699100675074,-3.0190206418223773
2.634999999999821,8.393764011648457,-7.8101543301555045,-0.000250699100675074,-3.0190206418223773
2.6359999999998207,8.385953857318302,-7.820504253497978,-0.000250699100675074,-3.0190206418223773
2.6369999999998206,8.378133353064804,-7.830855629965656,-0.000250699100675074,-3.0190206418223773
2.6379999999998205,8.370302497434839,-7.841208461687351,-0.000250699100675074,-3.0190206418223773
2.6389999999998204,8.36246128897315,-7.851562750792987,-0.000250699100675074,-3.0190206418223773
2.6399999999998203,8.354609726222359,-7.861918499413599,-0.000250699100675074,-3.0190206418223773
2.64099999999982,8.346747807722945,-7.872275709681335,-0.000250699100675074,-3.0190206418223773
2.64199999999982,8.338875532013263,-7.882634383729464,-0.000250699100675074,-3.0190206418223773
2.64299999999982,8.330992897629534,-7.892994523692367,-0.000250699100675074,-3.0190206418223773
2.64399999999982,8.323099903105842,-7.903356131705549,-0.000250699100675074,-3.0190206418223773
2.6449999999998197,8.315196546974136,-7.9137192099056355,-0.000250699100675074,-3.0190206418223773
2.6459999999998196,8.30728282776423,-7.924083760430375,-0.000250699100675074,-3.0190206418223773
2.6469999999998195,8.299358744003799,-7.934449785418643,-0.000250699100675074,-3.0190206418223773
2.6479999999998194,8.29142429421838,-7.94481728701044,-0.000250699100675074,-3.0190206418223773
2.6489999999998193,8.28347947693137,-7.955186267346897,-0.000250699100675074,-3.0190206418223773
2.649999999999819,8.275524290664023,-7.9655567285702755,-0.000250699100675074,-3.0190206418223773
2.650999999999819,8.267558733935454,-7.975928672823971,-0.000250699100675074,-3.0190206418223773
2.651999999999819,8.25958280526263,-7.986302102252513,-0.000250699100675074,-3.0190206418223773
2.652999999999819,8.251596503160377,-7.996677019001568,-0.000250699100675074,-3.0190206418223773
2.6539999999998187,8.243599826141375,-8.00705342521794,-0.000250699100675074,-3.0190206418223773
2.6549999999998186,8.235592772716158,-8.017431323049575,-0.000250699100675074,-3.0190206418223773
2.6559999999998185,8.22757534139311,-8.02781071464556,-0.000250699100675074,-3.0190206418223773
2.6569999999998184,8.219547530678463,-8.038191602156125,-0.000250699100675074,-3.0190206418223773
2.6579999999998183,8.211509339076308,-8.04857398773265,-0.000250699100675074,-3.0190206418223773
2.658999999999818,8.203460765088575,-8.058957873527662,-0.000250699100675074,-3.0190206418223773
2.659999999999818,8.195401807215047,-8.069343261694835,-0.000250699100675074,-3.0190206418223773
2.660999999999818,8.187332463953352,-8.079730154388995,-0.000250699100675074,-3.0190206418223773
2.661999999999818,8.179252733798963,-8.090118553766127,-0.000250699100675074,-3.0190206418223773
2.6629999999998177,8.171162615245196,-8.100508461983365,-0.000250699100675074,-3.0190206418223773
2.6639999999998176,8.163062106783213,-8.110899881199003,-0.000250699100675074,-3.0190206418223773
2.6649999999998175,8.154951206902014,-8.121292813572495,-0.000250699100675074,-3.0190206418223773
2.6659999999998174,8.146829914088443,-8.131687261264457,-0.000250699100675074,-3.0190206418223773
2.6669999999998173,8.138698226827177,-8.142083226436664,-0.000250699100675074,-3.0190206418223773
2.667999999999817,8.13055614360074,-8.152480711252062,-0.000250699100675074,-3.0190206418223773
2.668999999999817,8.12240366288949,-8.162879717874759,-0.000250699100675074,-3.0190206418223773
2.669999999999817,8.114240783171615,-8.173280248470036,-0.000250699100675074,-3.0190206418223773
2.670999999999817,8.106067502923144,-8.183682305204341,-0.000250699100675074,-3.0190206418223773
2.6719999999998167,8.09788382061794,-8.194085890245297,-0.000250699100675074,-3.0190206418223773
2.6729999999998166,8.089689734727694,-8.204491005761701,-0.000250699100675074,-3.0190206418223773
2.6739999999998165,8.081485243721932,-8.214897653923527,-0.000250699100675074,-3.0190206418223773
2.6749999999998164,8.073270346068009,-8.225305836901926,-0.000250699100675074,-3.0190206418223773
2.6759999999998163,8.065045040231107,-8.235715556869232,-0.000250699100675074,-3.0190206418223773
2.676999999999816,8.056809324674237,-8.24612681599896,-0.000250699100675074,-3.0190206418223773
2.677999999999816,8.048563197858238,-8.256539616465806,-0.000250699100675074,-3.0190206418223773
2.678999999999816,8.040306658241771,-8.26695396044566,-0.000250699100675074,-3.0190206418223773
2.679999999999816,8.032039704281326,-8.277369850115592,-0.000250699100675074,-3.0190206418223773
2.6809999999998158,8.02376233443121,-8.287787287653869,-0.000250699100675074,-3.0190206418223773
2.6819999999998156,8.015474547143556,-8.298206275239943,-0.000250699100675074,-3.0190206418223773
2.6829999999998155,8.007176340868316,-8.308626815054465,-0.000250699100675074,-3.0190206418223773
2.6839999999998154,7.998867714053262,-8.319048909279282,-0.000250699100675074,-3.0190206418223773
2.6849999999998153,7.990548665143982,-8.329472560097434,-0.000250699100675074,-3.0190206418223773
2.685999999999815,7.982219192583885,-8.339897769693167,-0.000250699100675074,-3.0190206418223773
2.686999999999815,7.973879294814191,-8.350324540251922,-0.000250699100675074,-3.0190206418223773
2.687999999999815,7.965528970273939,-8.36075287396035,-0.000250699100675074,-3.0190206418223773
2.688999999999815,7.957168217399979,-8.371182773006304,-0.000250699100675074,-3.0190206418223773
2.6899999999998148,7.948797034626973,-8.381614239578845,-0.000250699100675074,-3.0190206418223773
2.6909999999998147,7.940415420387394,-8.392047275868245,-0.000250699100675074,-3.0190206418223773
2.6919999999998145,7.932023373111526,-8.402481884065987,-0.000250699100675074,-3.0190206418223773
2.6929999999998144,7.9236208912274595,-8.412918066364764,-0.000250699100675074,-3.0190206418223773
2.6939999999998143,7.9152079731610945,-8.42335582495849,-0.000250699100675074,-3.0190206418223773
2.694999999999814,7.906784617336136,-8.433795162042292,-0.000250699100675074,-3.0190206418223773
2.695999999999814,7.898350822174094,-8.44423607981252,-0.000250699100675074,-3.0190206418223773
2.696999999999814,7.889906586094281,-8.454678580466739,-0.000250699100675074,-3.0190206418223773
2.697999999999814,7.8814519075138145,-8.465122666203744,-0.000250699100675074,-3.0190206418223773
2.6989999999998138,7.872986784847611,-8.475568339223551,-0.000250699100675074,-3.0190206418223773
2.6999999999998137,7.8645112165083875,-8.486015601727408,-0.000250699100675074,-3.0190206418223773
2.7009999999998136,7.85602520090666,-8.496464455917785,-0.000250699100675074,-3.0190206418223773
2.7019999999998134,7.847528736450743,-8.506914903998387,-0.000250699100675074,-3.0190206418223773
2.7029999999998133,7.839021821546744,-8.517366948174155,-0.000250699100675074,-3.0190206418223773
2.703999999999813,7.83050445459857,-8.527820590651261,-0.000250699100675074,-3.0190206418223773
2.704999999999813,7.821976634007918,-8.538275833637115,-0.000250699100675074,-3.0190206418223773
2.705999999999813,7.813438358174281,-8.548732679340366,-0.000250699100675074,-3.0190206418223773
2.706999999999813,7.8048896254949405,-8.559191129970904,-0.000250699100675074,-3.0190206418223773
2.707999999999813,7.79633043436497,-8.569651187739861,-0.000250699100675074,-3.0190206418223773
2.7089999999998127,7.78776078317723,-8.58011285485962,-0.000250699100675074,-3.0190206418223773
2.7099999999998126,7.77918067032237,-8.5905761335438,-0.000250699100675074,-3.0190206418223773
2.7109999999998124,7.770590094188827,-8.601041026007282,-0.000250699100675074,-3.0190206418223773
2.7119999999998123,7.76198905316282,-8.611507534466186,-0.000250699100675074,-3.0190206418223773
2.7129999999998122,7.753377545628354,-8.621975661137894,-0.000250699100675074,-3.0190206418223773
2.713999999999812,7.744755569967215,-8.632445408241036,-0.000250699100675074,-3.0190206418223773
2.714999999999812,7.736123124558974,-8.642916777995506,-0.000250699100675074,-3.0190206418223773
2.715999999999812,7.727480207780978,-8.653389772622452,-0.000250699100675074,-3.0190206418223773
2.716999999999812,7.718826818008355,-8.663864394344284,-0.000250699100675074,-3.0190206418223773
2.7179999999998117,7.710162953614011,-8.674340645384675,-0.000250699100675074,-3.0190206418223773
2.7189999999998116,7.701488612968626,-8.684818527968563,-0.000250699100675074,-3.0190206418223773
2.7199999999998115,7.692803794440658,-8.695298044322156,-0.000250699100675074,-3.0190206418223773
2.7209999999998113,7.684108496396336,-8.705779196672927,-0.000250699100675074,-3.0190206418223773
2.7219999999998112,7.675402717199662,-8.716261987249622,-0.000250699100675074,-3.0190206418223773
2.722999999999811,7.666686455212413,-8.726746418282259,-0.000250699100675074,-3.0190206418223773
2.723999999999811,7.657959708794131,-8.737232492002134,-0.000250699100675074,-3.0190206418223773
2.724999999999811,7.649222476302128,-8.747720210641816,-0.000250699100675074,-3.0190206418223773
2.725999999999811,7.6404747560914865,-8.758209576435156,-0.000250699100675074,-3.0190206418223773
2.7269999999998107,7.631716546515051,-8.768700591617286,-0.000250699100675074,-3.0190206418223773
2.7279999999998106,7.622947845923433,-8.77919325842462,-0.000250699100675074,-3.0190206418223773
2.7289999999998105,7.6141686526650085,-8.789687579094858,-0.000250699100675074,-3.0190206418223773
2.7299999999998104,7.605378965085913,-8.800183555866989,-0.000250699100675074,-3.0190206418223773
2.7309999999998102,7.596578781530046,-8.810681190981288,-0.000250699100675074,-3.0190206418223773
2.73199999999981,7.587768100339065,-8.821180486679324,-0.000250699100675074,-3.0190206418223773
2.73299999999981,7.5789469198523856,-8.831681445203959,-0.000250699100675074,-3.0190206418223773
2.73399999999981,7.5701152384071815,-8.84218406879935,-0.000250699100675074,-3.0190206418223773
2.73499999999981,7.561273054338382,-8.85268835971095,-0.000250699100675074,-3.0190206418223773
2.7359999999998097,7.552420365978671,-8.863194320185514,-0.000250699100675074,-3.0190206418223773
2.7369999999998096,7.5435571716584855,-8.873701952471098,-0.000250699100675074,-3.0190206418223773
2.7379999999998095,7.534683469706015,-8.884211258817063,-0.000250699100675074,-3.0190206418223773
2.7389999999998094,7.525799258447198,-8.894722241474073,-0.000250699100675074,-3.0190206418223773
2.7399999999998093,7.516904536205724,-8.905234902694101,-0.000250699100675074,-3.0190206418223773
2.740999999999809,7.5079993013030295,-8.91574924473043,-0.000250699100675074,-3.0190206418223773
2.741999999999809,7.499083552058299,-8.926265269837653,-0.000250699100675074,-3.0190206418223773
2.742999999999809,7.490157286788461,-8.936782980271682,-0.000250699100675074,-3.0190206418223773
2.743999999999809,7.481220503808189,-8.94730237828974,-0.000250699100675074,-3.0190206418223773
2.7449999999998087,7.4722732014299,-8.957823466150371,-0.000250699100675074,-3.0190206418223773
2.7459999999998086,7.46331537796375,-8.968346246113438,-0.000250699100675074,-3.0190206418223773
2.7469999999998085,7.454347031717636,-8.978870720440126,-0.000250699100675074,-3.0190206418223773
2.7479999999998084,7.445368160997195,-8.989396891392945,-0.000250699100675074,-3.0190206418223773
2.7489999999998083,7.436378764105802,-8.99992476123573,-0.000250699100675074,-3.0190206418223773
2.749999999999808,7.427378839344566,-9.01045433223365,-0.000250699100675074,-3.0190206418223773
2.750999999999808,7.418368385012332,-9.020985606653195,-0.000250699100675074,-3.0190206418223773
2.751999999999808,7.4093473994056795,-9.031518586762196,-0.000250699100675074,-3.0190206418223773
2.752999999999808,7.400315880818917,-9.042053274829817,-0.000250699100675074,-3.0190206418223773
2.7539999999998077,7.3912738275440875,-9.052589673126555,-0.000250699100675074,-3.0190206418223773
2.7549999999998076,7.382221237870961,-9.06312778392425,-0.000250699100675074,-3.0190206418223773
2.7559999999998075,7.3731581100870365,-9.07366760949608,-0.000250699100675074,-3.0190206418223773
2.7569999999998074,7.36408444247754,-9.084209152116571,-0.000250699100675074,-3.0190206418223773
2.7579999999998073,7.355000233325423,-9.094752414061588,-0.000250699100675074,-3.0190206418223773
2.758999999999807,7.3459054809113615,-9.105297397608348,-0.000250699100675074,-3.0190206418223773
2.759999999999807,7.336800183513753,-9.115844105035416,-0.000250699100675074,-3.0190206418223773
2.760999999999807,7.327684339408718,-9.126392538622706,-0.000250699100675074,-3.0190206418223773
2.761999999999807,7.3185579468700945,-9.136942700651492,-0.000250699100675074,-3.0190206418223773
2.7629999999998067,7.309421004169443,-9.147494593404396,-0.000250699100675074,-3.0190206418223773
2.7639999999998066,7.300273509576039,-9.158048219165403,-0.000250699100675074,-3.0190206418223773
2.7649999999998065,7.291115461356873,-9.168603580219857,-0.000250699100675074,-3.0190206418223773
2.7659999999998064,7.281946857776654,-9.179160678854464,-0.000250699100675074,-3.0190206418223773
2.7669999999998063,7.272767697097799,-9.189719517357293,-0.000250699100675074,-3.0190206418223773
2.767999999999806,7.263577977580442,-9.200280098017782,-0.000250699100675074,-3.0190206418223773
2.768999999999806,7.254377697482425,-9.210842423126735,-0.000250699100675074,-3.0190206418223773
2.769999999999806,7.245166855059298,-9.221406494976327,-0.000250699100675074,-3.0190206418223773
2.770999999999806,7.235945448564322,-9.231972315860107,-0.000250699100675074,-3.0190206418223773
2.7719999999998057,7.226713476248461,-9.242539888072997,-0.000250699100675074,-3.0190206418223773
2.7729999999998056,7.217470936360388,-9.253109213911298,-0.000250699100675074,-3.0190206418223773
2.7739999999998055,7.208217827146477,-9.263680295672689,-0.000250699100675074,-3.0190206418223773
2.7749999999998054,7.198954146850804,-9.274253135656231,-0.000250699100675074,-3.0190206418223773
2.7759999999998053,7.189679893715148,-9.284827736162367,-0.000250699100675074,-3.0190206418223773
2.776999999999805,7.180395065978986,-9.295404099492927,-0.000250699100675074,-3.0190206418223773
2.777999999999805,7.171099661879492,-9.305982227951128,-0.000250699100675074,-3.0190206418223773
2.778999999999805,7.161793679651542,-9.316562123841578,-0.000250699100675074,-3.0190206418223773
2.779999999999805,7.1524771175277,-9.327143789470275,-0.000250699100675074,-3.0190206418223773
2.7809999999998047,7.14314997373823,-9.337727227144613,-0.000250699100675074,-3.0190206418223773
2.7819999999998046,7.133812246511085,-9.34831243917338,-0.000250699100675074,-3.0190206418223773
2.7829999999998045,7.124463934071912,-9.358899427866765,-0.000250699100675074,-3.0190206418223773
2.7839999999998044,7.115105034644045,-9.369488195536357,-0.000250699100675074,-3.0190206418223773
2.7849999999998043,7.105735546448509,-9.380078744495147,-0.000250699100675074,-3.0190206418223773
2.785999999999804,7.096355467704013,-9.390671077057533,-0.000250699100675074,-3.0190206418223773
2.786999999999804,7.0869647966269556,-9.401265195539317,-0.000250699100675074,-3.0190206418223773
2.787999999999804,7.077563531431416,-9.411861102257712,-0.000250699100675074,-3.0190206418223773
2.788999999999804,7.068151670329158,-9.422458799531343,-0.000250699100675074,-3.0190206418223773
2.7899999999998037,7.058729211529626,-9.433058289680249,-0.000250699100675074,-3.0190206418223773
2.7909999999998036,7.049296153239946,-9.443659575025881,-0.000250699100675074,-3.0190206418223773
2.7919999999998035,7.03985249366492,-9.454262657891114,-0.000250699100675074,-3.0190206418223773
2.7929999999998034,7.030398231007029,-9.464867540600238,-0.000250699100675074,-3.0190206418223773
2.7939999999998033,7.020933363466429,-9.475474225478969,-0.000250699100675074,-3.0190206418223773
2.794999999999803,7.01145788924095,-9.486082714854446,-0.000250699100675074,-3.0190206418223773
2.795999999999803,7.001971806526096,-9.496693011055234,-0.000250699100675074,-3.0190206418223773
2.796999999999803,6.992475113515041,-9.507305116411327,-0.000250699100675074,-3.0190206418223773
2.797999999999803,6.982967808398629,-9.517919033254152,-0.000250699100675074,-3.0190206418223773
2.7989999999998028,6.973449889365376,-9.528534763916568,-0.000250699100675074,-3.0190206418223773
2.7999999999998026,6.963921354601459,-9.53915231073287,-0.000250699100675074,-3.0190206418223773
2.8009999999998025,6.954382202290726,-9.549771676038791,-0.000250699100675074,-3.0190206418223773
2.8019999999998024,6.944832430614688,-9.560392862171502,-0.000250699100675074,-3.0190206418223773
2.8029999999998023,6.935272037752516,-9.571015871469621,-0.000250699100675074,-3.0190206418223773
2.803999999999802,6.925701021881046,-9.581640706273204,-0.000250699100675074,-3.0190206418223773
2.804999999999802,6.916119381174774,-9.592267368923757,-0.000250699100675074,-3.0190206418223773
2.805999999999802,6.90652711380585,-9.602895861764235,-0.000250699100675074,-3.0190206418223773
2.806999999999802,6.896924217944085,-9.613526187139044,-0.000250699100675074,-3.0190206418223773
2.8079999999998018,6.887310691756946,-9.624158347394042,-0.000250699100675074,-3.0190206418223773
2.8089999999998017,6.877686533409552,-9.634792344876544,-0.000250699100675074,-3.0190206418223773
2.8099999999998015,6.868051741064675,-9.645428181935321,-0.000250699100675074,-3.0190206418223773
2.8109999999998014,6.85840631288274,-9.656065860920606,-0.000250699100675074,-3.0190206418223773
2.8119999999998013,6.848750247021819,-9.666705384184091,-0.000250699100675074,-3.0190206418223773
2.812999999999801,6.839083541637635,-9.677346754078936,-0.000250699100675074,-3.0190206418223773
2.813999999999801,6.829406194883556,-9.687989972959766,-0.000250699100675074,-3.0190206418223773
2.814999999999801,6.819718204910596,-9.698635043182673,-0.000250699100675074,-3.0190206418223773
2.815999999999801,6.810019569867413,-9.709281967105223,-0.000250699100675074,-3.0190206418223773
2.8169999999998008,6.800310287900308,-9.719930747086455,-0.000250699100675074,-3.0190206418223773
2.8179999999998007,6.790590357153222,-9.73058138548688,-0.000250699100675074,-3.0190206418223773
2.8189999999998006,6.780859775767735,-9.741233884668494,-0.000250699100675074,-3.0190206418223773
2.8199999999998004,6.771118541883067,-9.751888246994767,-0.000250699100675074,-3.0190206418223773
2.8209999999998003,6.761366653636072,-9.762544474830651,-0.000250699100675074,-3.0190206418223773
2.8219999999998002,6.751604109161241,-9.773202570542587,-0.000250699100675074,-3.0190206418223773
2.8229999999998,6.741830906590699,-9.7838625364985,-0.000250699100675074,-3.0190206418223773
2.8239999999998,6.7320470440542,-9.794524375067803,-0.000250699100675074,-3.0190206418223773
2.8249999999998,6.722252519679132,-9.805188088621405,-0.000250699100675074,-3.0190206418223773
2.8259999999998,6.712447331590511,-9.815853679531703,-0.000250699100675074,-3.0190206418223773
2.8269999999997997,6.702631477910979,-9.826521150172594,-0.000250699100675074,-3.0190206418223773
2.8279999999997996,6.692804956760806,-9.837190502919471,-0.000250699100675074,-3.0190206418223773
2.8289999999997995,6.682967766257887,-9.847861740149229,-0.000250699100675074,-3.0190206418223773
2.8299999999997993,6.673119904517738,-9.858534864240264,-0.000250699100675074,-3.0190206418223773
2.8309999999997992,6.6632613696534975,-9.86920987757248,-0.000250699100675074,-3.0190206418223773
2.831999999999799,6.653392159775925,-9.879886782527285,-0.000250699100675074,-3.0190206418223773
2.832999999999799,6.643512272993398,-9.890565581487596,-0.000250699100675074,-3.0190206418223773
2.833999999999799,6.63362170741191,-9.901246276837847,-0.000250699100675074,-3.0190206418223773
2.834999999999799,6.623720461135072,-9.911928870963981,-0.000250699100675074,-3.0190206418223773
2.8359999999997987,6.613808532264108,-9.92261336625346,-0.000250699100675074,-3.0190206418223773
2.8369999999997986,6.603885918897855,-9.933299765095263,-0.000250699100675074,-3.0190206418223773
2.8379999999997985,6.593952619132759,-9.943988069879893,-0.000250699100675074,-3.0190206418223773
2.8389999999997984,6.584008631062879,-9.954678282999375,-0.000250699100675074,-3.0190206418223773
2.8399999999997982,6.57405395277988,-9.965370406847256,-0.000250699100675074,-3.0190206418223773
2.840999999999798,6.564088582373032,-9.976064443818618,-0.000250699100675074,-3.0190206418223773
2.841999999999798,6.554112517929214,-9.986760396310068,-0.000250699100675074,-3.0190206418223773
2.842999999999798,6.544125757532904,-9.997458266719745,-0.000250699100675074,-3.0190206418223773
2.843999999999798,6.534128299266184,-10.008158057447327,-0.000250699100675074,-3.0190206418223773
2.8449999999997977,6.524120141208737,-10.018859770894027,-0.000250699100675074,-3.0190206418223773
2.8459999999997976,6.514101281437843,-10.029563409462597,-0.000250699100675074,-3.0190206418223773
2.8469999999997975,6.5040717180283805,-10.040268975557332,-0.000250699100675074,-3.0190206418223773
2.8479999999997974,6.494031449052823,-10.050976471584072,-0.000250699100675074,-3.0190206418223773
2.8489999999997973,6.483980472581239,-10.0616858999502,-0.000250699100675074,-3.0190206418223773
2.849999999999797,6.473918786681288,-10.072397263064653,-0.000250699100675074,-3.0190206418223773
2.850999999999797,6.463846389418224,-10.083110563337915,-0.000250699100675074,-3.0190206418223773
2.851999999999797,6.453763278854886,-10.093825803182023,-0.000250699100675074,-3.0190206418223773
2.852999999999797,6.4436694530517045,-10.104542985010573,-0.000250699100675074,-3.0190206418223773
2.8539999999997967,6.433564910066694,-10.115262111238719,-0.000250699100675074,-3.0190206418223773
2.8549999999997966,6.423449647955455,-10.125983184283173,-0.000250699100675074,-3.0190206418223773
2.8559999999997965,6.413323664771172,-10.136706206562213,-0.000250699100675074,-3.0190206418223773
2.8569999999997964,6.403186958564611,-10.147431180495678,-0.000250699100675074,-3.0190206418223773
2.8579999999997963,6.393039527384115,-10.15815810850498,-0.000250699100675074,-3.0190206418223773
2.858999999999796,6.38288136927561,-10.168886993013096,-0.000250699100675074,-3.0190206418223773
2.859999999999796,6.372712482282597,-10.17961783644458,-0.000250699100675074,-3.0190206418223773
2.860999999999796,6.362532864446153,-10.190350641225555,-0.000250699100675074,-3.0190206418223773
2.861999999999796,6.352342513804927,-10.201085409783726,-0.000250699100675074,-3.0190206418223773
2.8629999999997957,6.342141428395143,-10.211822144548375,-0.000250699100675074,-3.0190206418223773
2.8639999999997956,6.331929606250595,-10.222560847950367,-0.000250699100675074,-3.0190206418223773
2.8649999999997955,6.321707045402645,-10.23330152242215,-0.000250699100675074,-3.0190206418223773
2.8659999999997954,6.311473743880223,-10.24404417039776,-0.000250699100675074,-3.0190206418223773
2.8669999999997953,6.3012296997098245,-10.25478879431282,-0.000250699100675074,-3.0190206418223773
2.867999999999795,6.290974910915511,-10.265535396604545,-0.000250699100675074,-3.0190206418223773
2.868999999999795,6.2807093755189065,-10.276283979711744,-0.000250699100675074,-3.0190206418223773
2.869999999999795,6.270433091539195,-10.287034546074823,-0.000250699100675074,-3.0190206418223773
2.870999999999795,6.26014605699312,-10.297787098135784,-0.000250699100675074,-3.0190206418223773
2.8719999999997947,6.249848269894985,-10.308541638338232,-0.000250699100675074,-3.0190206418223773
2.8729999999997946,6.239539728256647,-10.319298169127373,-0.000250699100675074,-3.0190206418223773
2.8739999999997945,6.229220430087519,-10.330056692950023,-0.000250699100675074,-3.0190206418223773
2.8749999999997944,6.2188903733945695,-10.340817212254601,-0.000250699100675074,-3.0190206418223773
2.8759999999997943,6.208549556182315,-10.351579729491139,-0.000250699100675074,-3.0190206418223773
2.876999999999794,6.198197976452824,-10.362344247111283,-0.000250699100675074,-3.0190206418223773
2.877999999999794,6.187835632205712,-10.37311076756829,-0.000250699100675074,-3.0190206418223773
2.878999999999794,6.1774625214381444,-10.38387929331704,-0.000250699100675074,-3.0190206418223773
2.879999999999794,6.167078642144827,-10.394649826814028,-0.000250699100675074,-3.0190206418223773
2.8809999999997937,6.156683992318013,-10.405422370517377,-0.000250699100675074,-3.0190206418223773
2.8819999999997936,6.146278569947495,-10.416196926886828,-0.000250699100675074,-3.0190206418223773
2.8829999999997935,6.1358623730206086,-10.426973498383756,-0.000250699100675074,-3.0190206418223773
2.8839999999997934,6.125435399522225,-10.437752087471162,-0.000250699100675074,-3.0190206418223773
2.8849999999997933,6.114997647434754,-10.44853269661368,-0.000250699100675074,-3.0190206418223773
2.885999999999793,6.10454911473814,-10.459315328277581,-0.000250699100675074,-3.0190206418223773
2.886999999999793,6.094089799409863,-10.47009998493077,-0.000250699100675074,-3.0190206418223773
2.887999999999793,6.083619699424932,-10.480886669042789,-0.000250699100675074,-3.0190206418223773
2.888999999999793,6.073138812755889,-10.49167538308483,-0.000250699100675074,-3.0190206418223773
2.8899999999997927,6.062647137372805,-10.502466129529724,-0.000250699100675074,-3.0190206418223773
2.8909999999997926,6.052144671243275,-10.513258910851947,-0.000250699100675074,-3.0190206418223773
2.8919999999997925,6.041631412332423,-10.52405372952763,-0.000250699100675074,-3.0190206418223773
2.8929999999997924,6.031107358602895,-10.534850588034551,-0.000250699100675074,-3.0190206418223773
2.8939999999997923,6.020572508014861,-10.545649488852144,-0.000250699100675074,-3.0190206418223773
2.894999999999792,6.010026858526008,-10.5564504344615,-0.000250699100675074,-3.0190206418223773
2.895999999999792,5.999470408091547,-10.567253427345369,-0.000250699100675074,-3.0190206418223773
2.896999999999792,5.988903154664201,-10.578058469988163,-0.000250699100675074,-3.0190206418223773
2.897999999999792,5.9783250961942125,-10.588865564875956,-0.000250699100675074,-3.0190206418223773
2.8989999999997917,5.9677362306293364,-10.59967471449649,-0.000250699100675074,-3.0190206418223773
2.8999999999997916,5.95713655591484,-10.610485921339178,-0.000250699100675074,-3.0190206418223773
2.9009999999997915,5.9465260699935,-10.621299187895099,-0.000250699100675074,-3.0190206418223773
2.9019999999997914,5.935904770805605,-10.632114516657012,-0.000250699100675074,-3.0190206418223773
2.9029999999997913,5.925272656288948,-10.64293191011935,-0.000250699100675074,-3.0190206418223773
2.903999999999791,5.914629724378829,-10.653751370778224,-0.000250699100675074,-3.0190206418223773
2.904999999999791,5.90397597300805,-10.664572901131427,-0.000250699100675074,-3.0190206418223773
2.905999999999791,5.893311400106919,-10.675396503678437,-0.000250699100675074,-3.0190206418223773
2.906999999999791,5.88263600360324,-10.686222180920417,-0.000250699100675074,-3.0190206418223773
2.9079999999997908,5.87194978142232,-10.697049935360221,-0.000250699100675074,-3.0190206418223773
2.9089999999997906,5.861252731486959,-10.70787976950239,-0.000250699100675074,-3.0190206418223773
2.9099999999997905,5.850544851717457,-10.718711685853167,-0.000250699100675074,-3.0190206418223773
2.9109999999997904,5.839826140031604,-10.729545686920481,-0.000250699100675074,-3.0190206418223773
2.9119999999997903,5.8290965943446835,-10.740381775213969,-0.000250699100675074,-3.0190206418223773
2.91299999999979,5.818356212569469,-10.751219953244965,-0.000250699100675074,-3.0190206418223773
2.91399999999979,5.807604992616224,-10.762060223526506,-0.000250699100675074,-3.0190206418223773
2.91499999999979,5.796842932392698,-10.77290258857334,-0.000250699100675074,-3.0190206418223773
2.91599999999979,5.786070029804125,-10.783747050901919,-0.000250699100675074,-3.0190206418223773
2.9169999999997898,5.775286282753223,-10.79459361303041,-0.000250699100675074,-3.0190206418223773
2.9179999999997897,5.7644916891401925,-10.805442277478692,-0.000250699100675074,-3.0190206418223773
2.9189999999997895,5.7536862468627135,-10.816293046768362,-0.000250699100675074,-3.0190206418223773
2.9199999999997894,5.742869953815945,-10.827145923422735,-0.000250699100675074,-3.0190206418223773
2.9209999999997893,5.7320428078925225,-10.838000909966851,-0.000250699100675074,-3.0190206418223773
2.921999999999789,5.721204806982556,-10.84885800892747,-0.000250699100675074,-3.0190206418223773
2.922999999999789,5.710355948973628,-10.85971722283308,-0.000250699100675074,-3.0190206418223773
2.923999999999789,5.699496231750795,-10.8705785542139,-0.000250699100675074,-3.0190206418223773
2.924999999999789,5.688625653196581,-10.881442005601878,-0.000250699100675074,-3.0190206418223773
2.9259999999997888,5.677744211190979,-10.8923075795307,-0.000250699100675074,-3.0190206418223773
2.9269999999997887,5.666851903611448,-10.903175278535786,-0.000250699100675074,-3.0190206418223773
2.9279999999997885,5.655948728332913,-10.914045105154296,-0.000250699100675074,-3.0190206418223773
2.9289999999997884,5.645034683227759,-10.924917061925132,-0.000250699100675074,-3.0190206418223773
2.9299999999997883,5.6341097661658335,-10.935791151388944,-0.000250699100675074,-3.0190206418223773
2.930999999999788,5.623173975014445,-10.946667376088126,-0.000250699100675074,-3.0190206418223773
2.931999999999788,5.612227307638356,-10.95754573856682,-0.000250699100675074,-3.0190206418223773
2.932999999999788,5.60126976189979,-10.968426241370926,-0.000250699100675074,-3.0190206418223773
2.933999999999788,5.590301335658419,-10.979308887048093,-0.000250699100675074,-3.0190206418223773
2.934999999999788,5.57932202677137,-10.990193678147733,-0.000250699100675074,-3.0190206418223773
2.9359999999997877,5.5683318330932225,-11.001080617221014,-0.000250699100675074,-3.0190206418223773
2.9369999999997876,5.557330752476002,-11.011969706820869,-0.000250699100675074,-3.0190206418223773
2.9379999999997874,5.546318782769181,-11.022860949501997,-0.000250699100675074,-3.0190206418223773
2.9389999999997873,5.53529592181968,-11.03375434782086,-0.000250699100675074,-3.0190206418223773
2.9399999999997872,5.524262167471859,-11.044649904335698,-0.000250699100675074,-3.0190206418223773
2.940999999999787,5.513217517567523,-11.055547621606518,-0.000250699100675074,-3.0190206418223773
2.941999999999787,5.5021619699459166,-11.066447502195107,-0.000250699100675074,-3.0190206418223773
2.942999999999787,5.491095522443722,-11.077349548665026,-0.000250699100675074,-3.0190206418223773
2.943999999999787,5.480018172895057,-11.088253763581621,-0.000250699100675074,-3.0190206418223773
2.9449999999997867,5.468929919131475,-11.09916014951202,-0.000250699100675074,-3.0190206418223773
2.9459999999997866,5.457830758981963,-11.110068709025136,-0.000250699100675074,-3.0190206418223773
2.9469999999997865,5.4467206902729375,-11.120979444691672,-0.000250699100675074,-3.0190206418223773
2.9479999999997863,5.435599710828246,-11.131892359084123,-0.000250699100675074,-3.0190206418223773
2.9489999999997862,5.424467818469162,-11.142807454776777,-0.000250699100675074,-3.0190206418223773
2.949999999999786,5.413325011014385,-11.15372473434572,-0.000250699100675074,-3.0190206418223773
2.950999999999786,5.40217128628004,-11.164644200368837,-0.000250699100675074,-3.0190206418223773
2.951999999999786,5.391006642079671,-11.175565855425813,-0.000250699100675074,-3.0190206418223773
2.952999999999786,5.379831076224245,-11.18648970209814,-0.000250699100675074,-3.0190206418223773
2.9539999999997857,5.368644586522147,-11.197415742969115,-0.000250699100675074,-3.0190206418223773
2.9549999999997856,5.357447170779178,-11.208343980623848,-0.000250699100675074,-3.0190206418223773
2.9559999999997855,5.3462388267985546,-11.21927441764926,-0.000250699100675074,-3.0190206418223773
2.9569999999997854,5.335019552380905,-11.230207056634086,-0.000250699100675074,-3.0190206418223773
2.9579999999997852,5.323789345324271,-11.24114190016888,-0.000250699100675074,-3.0190206418223773
2.958999999999785,5.312548203424102,-11.252078950846018,-0.000250699100675074,-3.0190206418223773
2.959999999999785,5.301296124473256,-11.263018211259697,-0.000250699100675074,-3.0190206418223773
2.960999999999785,5.290033106261997,-11.27395968400594,-0.000250699100675074,-3.0190206418223773
2.961999999999785,5.278759146577991,-11.2849033716826,-0.000250699100675074,-3.0190206418223773
2.9629999999997847,5.267474243206308,-11.29584927688936,-0.000250699100675074,-3.0190206418223773
2.9639999999997846,5.256178393929419,-11.306797402227737,-0.000250699100675074,-3.0190206418223773
2.9649999999997845,5.244871596527191,-11.317747750301086,-0.000250699100675074,-3.0190206418223773
2.9659999999997844,5.23355384877689,-11.3287003237146,-0.000250699100675074,-3.0190206418223773
2.9669999999997843,5.222225148453176,-11.339655125075312,-0.000250699100675074,-3.0190206418223773
2.967999999999784,5.2108854933281,-11.350612156992105,-0.000250699100675074,-3.0190206418223773
2.968999999999784,5.199534881171108,-11.361571422075704,-0.000250699100675074,-3.0190206418223773
2.969999999999784,5.188173309749033,-11.372532922938685,-0.000250699100675074,-3.0190206418223773
2.970999999999784,5.176800776826094,-11.383496662195482,-0.000250699100675074,-3.0190206418223773
2.9719999999997837,5.165417280163899,-11.394462642462377,-0.000250699100675074,-3.0190206418223773
2.9729999999997836,5.154022817521437,-11.405430866357515,-0.000250699100675074,-3.0190206418223773
2.9739999999997835,5.142617386655079,-11.416401336500899,-0.000250699100675074,-3.0190206418223773
2.9749999999997834,5.1312009853185785,-11.427374055514399,-0.000250699100675074,-3.0190206418223773
2.9759999999997833,5.1197736112630645,-11.438349026021749,-0.000250699100675074,-3.0190206418223773
2.976999999999783,5.108335262237043,-11.449326250648552,-0.000250699100675074,-3.0190206418223773
2.977999999999783,5.0968859359863945,-11.460305732022283,-0.000250699100675074,-3.0190206418223773
2.978999999999783,5.085425630254372,-11.47128747277229,-0.000250699100675074,-3.0190206418223773
2.979999999999783,5.0739543427816,-11.482271475529803,-0.000250699100675074,-3.0190206418223773
2.9809999999997827,5.06247207130607,-11.493257742927927,-0.000250699100675074,-3.0190206418223773
2.9819999999997826,5.050978813563142,-11.504246277601652,-0.000250699100675074,-3.0190206418223773
2.9829999999997825,5.0394745672855406,-11.515237082187854,-0.000250699100675074,-3.0190206418223773
2.9839999999997824,5.027959330203353,-11.526230159325294,-0.000250699100675074,-3.0190206418223773
2.9849999999997823,5.016433100044027,-11.53722551165463,-0.000250699100675074,-3.0190206418223773
2.985999999999782,5.004895874532373,-11.548223141818404,-0.000250699100675074,-3.0190206418223773
2.986999999999782,4.993347651390555,-11.559223052461066,-0.000250699100675074,-3.0190206418223773
2.987999999999782,4.981788428338094,-11.570225246228956,-0.000250699100675074,-3.0190206418223773
2.988999999999782,4.970218203091865,-11.58122972577032,-0.000250699100675074,-3.0190206418223773
2.9899999999997817,4.958636973366095,-11.59223649373531,-0.000250699100675074,-3.0190206418223773
2.9909999999997816,4.94704473687236,-11.603245552775983,-0.000250699100675074,-3.0190206418223773
2.9919999999997815,4.935441491319583,-11.614256905546306,-0.000250699100675074,-3.0190206418223773
2.9929999999997814,4.923827234414037,-11.625270554702162,-0.000250699100675074,-3.0190206418223773
2.9939999999997813,4.912201963859335,-11.636286502901347,-0.000250699100675074,-3.0190206418223773
2.994999999999781,4.9005656773564334,-11.647304752803578,-0.000250699100675074,-3.0190206418223773
2.995999999999781,4.88891837260363,-11.65832530707049,-0.000250699100675074,-3.0190206418223773
2.996999999999781,4.877260047296559,-11.669348168365646,-0.000250699100675074,-3.0190206418223773
2.997999999999781,4.865590699128194,-11.680373339354535,-0.000250699100675074,-3.0190206418223773
2.9989999999997807,4.853910325788839,-11.691400822704574,-0.000250699100675074,-3.0190206418223773
2.9999999999997806,4.842218924966135,-11.702430621085114,-0.000250699100675074,-3.0190206418223773
3.0009999999997805,4.83051649434505,-11.713462737167442,-0.000250699100675074,-3.0190206418223773
3.0019999999997804,4.8188030316078825,-11.724497173624782,-0.000250699100675074,-3.0190206418223773
3.0029999999997803,4.8070785344342575,-11.735533933132299,-0.000250699100675074,-3.0190206418223773
3.00399999999978,4.795343000501125,-11.746573018367105,-0.000250699100675074,-3.0190206418223773
3.00499999999978,4.783596427482758,-11.757614432008253,-0.000250699100675074,-3.0190206418223773
3.00599999999978,4.771838813050749,-11.768658176736752,-0.000250699100675074,-3.0190206418223773
3.00699999999978,4.760070154874012,-11.77970425523556,-0.000250699100675074,-3.0190206418223773
3.0079999999997797,4.748290450618777,-11.790752670189589,-0.000250699100675074,-3.0190206418223773
3.0089999999997796,4.736499697948587,-11.80180342428571,-0.000250699100675074,-3.0190206418223773
3.0099999999997795,4.724697894524302,-11.812856520212756,-0.000250699100675074,-3.0190206418223773
3.0109999999997794,4.712885038004089,-11.823911960661524,-0.000250699100675074,-3.0190206418223773
3.0119999999997793,4.701061126043427,-11.834969748324776,-0.000250699100675074,-3.0190206418223773
3.012999999999779,4.689226156295103,-11.846029885897243,-0.000250699100675074,-3.0190206418223773
3.013999999999779,4.677380126409205,-11.85709237607563,-0.000250699100675074,-3.0190206418223773
3.014999999999779,4.6655230340331295,-11.868157221558619,-0.000250699100675074,-3.0190206418223773
3.015999999999779,4.653654876811571,-11.879224425046864,-0.000250699100675074,-3.0190206418223773
3.0169999999997787,4.641775652386524,-11.890293989243006,-0.000250699100675074,-3.0190206418223773
3.0179999999997786,4.629885358397281,-11.901365916851665,-0.000250699100675074,-3.0190206418223773
3.0189999999997785,4.61798399248043,-11.912440210579451,-0.000250699100675074,-3.0190206418223773
3.0199999999997784,4.60607155226985,-11.923516873134963,-0.000250699100675074,-3.0190206418223773
3.0209999999997783,4.5941480353967155,-11.93459590722879,-0.000250699100675074,-3.0190206418223773
3.021999999999778,4.582213439489487,-11.945677315573517,-0.000250699100675074,-3.0190206418223773
3.022999999999778,4.570267762173914,-11.956761100883732,-0.000250699100675074,-3.0190206418223773
3.023999999999778,4.5583110010730294,-11.967847265876015,-0.000250699100675074,-3.0190206418223773
3.024999999999778,4.546343153807153,-11.97893581326896,-0.000250699100675074,-3.0190206418223773
3.0259999999997778,4.534364217993884,-11.990026745783158,-0.000250699100675074,-3.0190206418223773
3.0269999999997776,4.522374191248101,-12.001120066141217,-0.000250699100675074,-3.0190206418223773
3.0279999999997775,4.510373071181959,-12.012215777067755,-0.000250699100675074,-3.0190206418223773
3.0289999999997774,4.498360855404892,-12.023313881289408,-0.000250699100675074,-3.0190206418223773
3.0299999999997773,4.486337541523603,-12.034414381534825,-0.000250699100675074,-3.0190206418223773
3.030999999999777,4.4743031271420675,-12.04551728053468,-0.000250699100675074,-3.0190206418223773
3.031999999999777,4.462257609861533,-12.056622581021673,-0.000250699100675074,-3.0190206418223773
3.032999999999777,4.450200987280511,-12.067730285730526,-0.000250699100675074,-3.0190206418223773
3.033999999999777,4.438133256994781,-12.078840397397999,-0.000250699100675074,-3.0190206418223773
3.0349999999997768,4.426054416597383,-12.089952918762876,-0.000250699100675074,-3.0190206418223773
3.0359999999997767,4.41396446367862,-12.101067852565984,-0.000250699100675074,-3.0190206418223773
3.0369999999997765,4.401863395826054,-12.112185201550187,-0.000250699100675074,-3.0190206418223773
3.0379999999997764,4.389751210624504,-12.123304968460388,-0.000250699100675074,-3.0190206418223773
3.0389999999997763,4.377627905656044,-12.13442715604354,-0.000250699100675074,-3.0190206418223773
3.039999999999776,4.3654934785,-12.145551767048639,-0.000250699100675074,-3.0190206418223773
3.040999999999776,4.353347926732952,-12.156678804226736,-0.000250699100675074,-3.0190206418223773
3.041999999999776,4.341191247928725,-12.167808270330934,-0.000250699100675074,-3.0190206418223773
3.042999999999776,4.3290234396583935,-12.178940168116391,-0.000250699100675074,-3.0190206418223773
3.0439999999997758,4.316844499490277,-12.190074500340327,-0.000250699100675074,-3.0190206418223773
3.0449999999997757,4.304654424989937,-12.201211269762023,-0.000250699100675074,-3.0190206418223773
3.0459999999997756,4.292453213720175,-12.212350479142827,-0.000250699100675074,-3.0190206418223773
3.0469999999997754,4.2802408632410325,-12.223492131246157,-0.000250699100675074,-3.0190206418223773
3.0479999999997753,4.268017371109786,-12.234636228837498,-0.000250699100675074,-3.0190206418223773
3.0489999999997752,4.255782734880948,-12.245782774684415,-0.000250699100675074,-3.0190206418223773
3.049999999999775,4.243536952106264,-12.256931771556545,-0.000250699100675074,-3.0190206418223773
3.050999999999775,4.231280020334707,-12.268083222225611,-0.000250699100675074,-3.0190206418223773
3.051999999999775,4.219011937112482,-12.279237129465416,-0.000250699100675074,-3.0190206418223773
3.052999999999775,4.206732699983016,-12.290393496051852,-0.000250699100675074,-3.0190206418223773
3.0539999999997747,4.194442306486964,-12.301552324762898,-0.000250699100675074,-3.0190206418223773
3.0549999999997746,4.1821407541622015,-12.312713618378629,-0.000250699100675074,-3.0190206418223773
3.0559999999997745,4.169828040543823,-12.32387737968121,-0.000250699100675074,-3.0190206418223773
3.0569999999997743,4.157504163164142,-12.335043611454912,-0.000250699100675074,-3.0190206418223773
3.0579999999997742,4.145169119552687,-12.346212316486103,-0.000250699100675074,-3.0190206418223773
3.058999999999774,4.132822907236201,-12.357383497563255,-0.000250699100675074,-3.0190206418223773
3.059999999999774,4.120465523738638,-12.368557157476952,-0.000250699100675074,-3.0190206418223773
3.060999999999774,4.108096966581161,-12.379733299019884,-0.000250699100675074,-3.0190206418223773
3.061999999999774,4.095717233282141,-12.390911924986858,-0.000250699100675074,-3.0190206418223773
3.0629999999997737,4.083326321357154,-12.402093038174797,-0.000250699100675074,-3.0190206418223773
3.0639999999997736,4.070924228318979,-12.413276641382744,-0.000250699100675074,-3.0190206418223773
3.0649999999997735,4.0585109516775955,-12.424462737411865,-0.000250699100675074,-3.0190206418223773
3.0659999999997734,4.046086488940183,-12.43565132906545,-0.000250699100675074,-3.0190206418223773
3.0669999999997732,4.033650837611118,-12.446842419148924,-0.000250699100675074,-3.0190206418223773
3.067999999999773,4.021203995191969,-12.458036010469836,-0.000250699100675074,-3.0190206418223773
3.068999999999773,4.008745959181499,-12.469232105837877,-0.000250699100675074,-3.0190206418223773
3.069999999999773,3.996276727075661,-12.48043070806487,-0.000250699100675074,-3.0190206418223773
3.070999999999773,3.983796296367596,-12.491631819964788,-0.000250699100675074,-3.0190206418223773
3.0719999999997727,3.9713046645476315,-12.502835444353739,-0.000250699100675074,-3.0190206418223773
3.0729999999997726,3.958801829103278,-12.514041584049986,-0.000250699100675074,-3.0190206418223773
3.0739999999997725,3.946287787519228,-12.52525024187394,-0.000250699100675074,-3.0190206418223773
3.0749999999997724,3.933762537277354,-12.536461420648163,-0.000250699100675074,-3.0190206418223773
3.0759999999997722,3.9212260758567057,-12.547675123197376,-0.000250699100675074,-3.0190206418223773
3.076999999999772,3.9086784007335083,-12.558891352348462,-0.000250699100675074,-3.0190206418223773
3.077999999999772,3.8961195093811596,-12.570110110930464,-0.000250699100675074,-3.0190206418223773
3.078999999999772,3.8835493992702292,-12.581331401774595,-0.000250699100675074,-3.0190206418223773
3.079999999999772,3.870968067868455,-12.59255522771423,-0.000250699100675074,-3.0190206418223773
3.0809999999997717,3.8583755126407406,-12.603781591584925,-0.000250699100675074,-3.0190206418223773
3.0819999999997716,3.845771731049156,-12.615010496224404,-0.000250699100675074,-3.0190206418223773
3.0829999999997715,3.8331567205529313,-12.626241944472575,-0.000250699100675074,-3.0190206418223773
3.0839999999997714,3.820530478608459,-12.637475939171527,-0.000250699100675074,-3.0190206418223773
3.0849999999997713,3.8078930026692874,-12.64871248316553,-0.000250699100675074,-3.0190206418223773
3.085999999999771,3.795244290186122,-12.659951579301048,-0.000250699100675074,-3.0190206418223773
3.086999999999771,3.782584338606821,-12.671193230426729,-0.000250699100675074,-3.0190206418223773
3.087999999999771,3.7699131453763943,-12.682437439393421,-0.000250699100675074,-3.0190206418223773
3.088999999999771,3.757230707937001,-12.693684209054169,-0.000250699100675074,-3.0190206418223773
3.0899999999997707,3.7445370237279465,-12.704933542264216,-0.000250699100675074,-3.0190206418223773
3.0909999999997706,3.7318320901856823,-12.716185441881011,-0.000250699100675074,-3.0190206418223773
3.0919999999997705,3.719115904743801,-12.72743991076421,-0.000250699100675074,-3.0190206418223773
3.0929999999997704,3.706388464833037,-12.738696951775674,-0.000250699100675074,-3.0190206418223773
3.0939999999997703,3.6936497678812614,-12.749956567779487,-0.000250699100675074,-3.0190206418223773
3.09499999999977,3.680899811313482,-12.76121876164194,-0.000250699100675074,-3.0190206418223773
3.09599999999977,3.66813859255184,-12.772483536231551,-0.000250699100675074,-3.0190206418223773
3.09699999999977,3.6553661090156084,-12.783750894419056,-0.000250699100675074,-3.0190206418223773
3.09799999999977,3.6425823581211896,-12.795020839077418,-0.000250699100675074,-3.0190206418223773
3.0989999999997697,3.6297873372821123,-12.806293373081832,-0.000250699100675074,-3.0190206418223773
3.0999999999997696,3.6169810439090306,-12.817568499309722,-0.000250699100675074,-3.0190206418223773
3.1009999999997695,3.6041634754097207,-12.828846220640749,-0.000250699100675074,-3.0190206418223773
3.1019999999997694,3.5913346291890798,-12.840126539956811,-0.000250699100675074,-3.0190206418223773
3.1029999999997693,3.578494502649123,-12.851409460142055,-0.000250699100675074,-3.0190206418223773
3.103999999999769,3.5656430931889807,-12.862694984082863,-0.000250699100675074,-3.0190206418223773
3.104999999999769,3.5527803982048978,-12.873983114667872,-0.000250699100675074,-3.0190206418223773
3.105999999999769,3.53990641509023,-12.885273854787972,-0.000250699100675074,-3.0190206418223773
3.106999999999769,3.527021141235442,-12.896567207336302,-0.000250699100675074,-3.0190206418223773
3.1079999999997687,3.5141245740281057,-12.907863175208265,-0.000250699100675074,-3.0190206418223773
3.1089999999997686,3.5012167108528973,-12.919161761301522,-0.000250699100675074,-3.0190206418223773
3.1099999999997685,3.488297549091596,-12.930462968516,-0.000250699100675074,-3.0190206418223773
3.1109999999997684,3.47536708612308,-12.941766799753895,-0.000250699100675074,-3.0190206418223773
3.1119999999997683,3.462425319323326,-12.953073257919671,-0.000250699100675074,-3.0190206418223773
3.112999999999768,3.4494722460654064,-12.964382345920068,-0.000250699100675074,-3.0190206418223773
3.113999999999768,3.4365078637194864,-12.975694066664106,-0.000250699100675074,-3.0190206418223773
3.114999999999768,3.4235321696528223,-12.987008423063083,-0.000250699100675074,-3.0190206418223773
3.115999999999768,3.4105451612297593,-12.99832541803058,-0.000250699100675074,-3.0190206418223773
3.1169999999997677,3.397546835811729,-13.00964505448247,-0.000250699100675074,-3.0190206418223773
3.1179999999997676,3.3845371907572463,-13.020967335336916,-0.000250699100675074,-3.0190206418223773
3.1189999999997675,3.3715162234219096,-13.032292263514371,-0.000250699100675074,-3.0190206418223773
3.1199999999997674,3.3584839311583954,-13.043619841937588,-0.000250699100675074,-3.0190206418223773
3.1209999999997673,3.345440311316458,-13.05495007353162,-0.000250699100675074,-3.0190206418223773
3.121999999999767,3.332385361242926,-13.066282961223825,-0.000250699100675074,-3.0190206418223773
3.122999999999767,3.319319078281702,-13.07761850794387,-0.000250699100675074,-3.0190206418223773
3.123999999999767,3.306241459773758,-13.088956716623727,-0.000250699100675074,-3.0190206418223773
3.124999999999767,3.2931525030571343,-13.100297590197687,-0.000250699100675074,-3.0190206418223773
3.1259999999997667,3.2800522054669368,-13.111641131602358,-0.000250699100675074,-3.0190206418223773
3.1269999999997666,3.2669405643353344,-13.122987343776664,-0.000250699100675074,-3.0190206418223773
3.1279999999997665,3.253817576991558,-13.134336229661857,-0.000250699100675074,-3.0190206418223773
3.1289999999997664,3.240683240761896,-13.145687792201514,-0.000250699100675074,-3.0190206418223773
3.1299999999997663,3.2275375529696944,-13.157042034341544,-0.000250699100675074,-3.0190206418223773
3.130999999999766,3.214380510935353,-13.168398959030188,-0.000250699100675074,-3.0190206418223773
3.131999999999766,3.201212111976323,-13.179758569218027,-0.000250699100675074,-3.0190206418223773
3.132999999999766,3.1880323534071047,-13.191120867857979,-0.000250699100675074,-3.0190206418223773
3.133999999999766,3.1748412325392468,-13.202485857905309,-0.000250699100675074,-3.0190206418223773
3.1349999999997658,3.1616387466813416,-13.213853542317628,-0.000250699100675074,-3.0190206418223773
3.1359999999997656,3.148424893139024,-13.225223924054896,-0.000250699100675074,-3.0190206418223773
3.1369999999997655,3.135199669214969,-13.23659700607943,-0.000250699100675074,-3.0190206418223773
3.1379999999997654,3.1219630722088896,-13.247972791355902,-0.000250699100675074,-3.0190206418223773
3.1389999999997653,3.108715099417534,-13.259351282851346,-0.000250699100675074,-3.0190206418223773
3.139999999999765,3.0954557481346825,-13.270732483535161,-0.000250699100675074,-3.0190206418223773
3.140999999999765,3.0821850156511474,-13.28211639637911,-0.000250699100675074,-3.0190206418223773
3.141999999999765,3.0689028992547684,-13.293503024357328,-0.000250699100675074,-3.0190206418223773
3.142999999999765,3.055609396230411,-13.304892370446327,-0.000250699100675074,-3.0190206418223773
3.1439999999997648,3.042304503859965,-13.316284437624992,-0.000250699100675074,-3.0190206418223773
3.1449999999997647,3.02898821942234,-13.327679228874594,-0.000250699100675074,-3.0190206418223773
3.1459999999997645,3.015660540193465,-13.339076747178785,-0.000250699100675074,-3.0190206418223773
3.1469999999997644,3.0023214634462865,-13.350476995523607,-0.000250699100675074,-3.0190206418223773
3.1479999999997643,2.988970986450763,-13.361879976897493,-0.000250699100675074,-3.0190206418223773
3.148999999999764,2.9756091064738657,-13.373285694291269,-0.000250699100675074,-3.0190206418223773
3.149999999999764,2.9622358207795743,-13.38469415069816,-0.000250699100675074,-3.0190206418223773
3.150999999999764,2.948851126628876,-13.396105349113792,-0.000250699100675074,-3.0190206418223773
3.151999999999764,2.9354550212797625,-13.407519292536199,-0.000250699100675074,-3.0190206418223773
3.1529999999997638,2.9220475019872265,-13.418935983965818,-0.000250699100675074,-3.0190206418223773
3.1539999999997637,2.9086285660032605,-13.430355426405503,-0.000250699100675074,-3.0190206418223773
3.1549999999997635,2.895198210576855,-13.44177762286052,-0.000250699100675074,-3.0190206418223773
3.1559999999997634,2.881756432953994,-13.453202576338557,-0.000250699100675074,-3.0190206418223773
3.1569999999997633,2.8683032303776557,-13.46463028984972,-0.000250699100675074,-3.0190206418223773
3.157999999999763,2.854838600087806,-13.476060766406546,-0.000250699100675074,-3.0190206418223773
3.158999999999763,2.8413625393213997,-13.487494009023994,-0.000250699100675074,-3.0190206418223773
3.159999999999763,2.8278750453123758,-13.498930020719463,-0.000250699100675074,-3.0190206418223773
3.160999999999763,2.8143761152916564,-13.510368804512785,-0.000250699100675074,-3.0190206418223773
3.161999999999763,2.8008657464871436,-13.52181036342623,-0.000250699100675074,-3.0190206418223773
3.1629999999997627,2.7873439361237176,-13.533254700484514,-0.000250699100675074,-3.0190206418223773
3.1639999999997626,2.773810681423233,-13.544701818714797,-0.000250699100675074,-3.0190206418223773
3.1649999999997624,2.7602659796045184,-13.55615172114669,-0.000250699100675074,-3.0190206418223773
3.1659999999997623,2.7467098278833717,-13.567604410812262,-0.000250699100675074,-3.0190206418223773
3.1669999999997622,2.7331422234725595,-13.57905989074603,-0.000250699100675074,-3.0190206418223773
3.167999999999762,2.7195631635818134,-13.59051816398498,-0.000250699100675074,-3.0190206418223773
3.168999999999762,2.7059726454178286,-13.601979233568557,-0.000250699100675074,-3.0190206418223773
3.169999999999762,2.69237066618426,-13.613443102538675,-0.000250699100675074,-3.0190206418223773
3.170999999999762,2.6787572230817216,-13.624909773939722,-0.000250699100675074,-3.0190206418223773
3.1719999999997617,2.6651323133077818,-13.636379250818557,-0.000250699100675074,-3.0190206418223773
3.1729999999997616,2.651495934056963,-13.647851536224518,-0.000250699100675074,-3.0190206418223773
3.1739999999997615,2.6378480825207387,-13.659326633209426,-0.000250699100675074,-3.0190206418223773
3.1749999999997613,2.624188755887529,-13.670804544827588,-0.000250699100675074,-3.0190206418223773
3.1759999999997612,2.6105179513427017,-13.682285274135797,-0.000250699100675074,-3.0190206418223773
3.176999999999761,2.596835666068566,-13.69376882419334,-0.000250699100675074,-3.0190206418223773
3.177999999999761,2.583141897244373,-13.705255198062,-0.000250699100675074,-3.0190206418223773
3.178999999999761,2.569436642046311,-13.71674439880606,-0.000250699100675074,-3.0190206418223773
3.179999999999761,2.5557198976475046,-13.728236429492307,-0.000250699100675074,-3.0190206418223773
3.1809999999997607,2.5419916612180122,-13.739731293190033,-0.000250699100675074,-3.0190206418223773
3.1819999999997606,2.528251929924822,-13.751228992971042,-0.000250699100675074,-3.0190206418223773
3.1829999999997605,2.514500700931851,-13.762729531909649,-0.000250699100675074,-3.0190206418223773
3.1839999999997604,2.5007379713999414,-13.77423291308269,-0.000250699100675074,-3.0190206418223773
3.1849999999997602,2.4869637384868586,-13.785739139569518,-0.000250699100675074,-3.0190206418223773
3.18599999999976,2.473177999347289,-13.797248214452015,-0.000250699100675074,-3.0190206418223773
3.18699999999976,2.459380751132837,-13.80876014081459,-0.000250699100675074,-3.0190206418223773
3.18799999999976,2.4455719909920224,-13.820274921744181,-0.000250699100675074,-3.0190206418223773
3.18899999999976,2.4317517160702784,-13.831792560330266,-0.000250699100675074,-3.0190206418223773
3.1899999999997597,2.417919923509948,-13.84331305966486,-0.000250699100675074,-3.0190206418223773
3.1909999999997596,2.404076610450283,-13.85483642284252,-0.000250699100675074,-3.0190206418223773
3.1919999999997595,2.3902217740274407,-13.866362652960351,-0.000250699100675074,-3.0190206418223773
3.1929999999997594,2.3763554113744805,-13.877891753118007,-0.000250699100675074,-3.0190206418223773
3.1939999999997593,2.3624775196213625,-13.889423726417695,-0.000250699100675074,-3.0190206418223773
3.194999999999759,2.3485880958949448,-13.90095857596418,-0.000250699100675074,-3.0190206418223773
3.195999999999759,2.334687137318981,-13.912496304864792,-0.000250699100675074,-3.0190206418223773
3.196999999999759,2.320774641014116,-13.924036916229419,-0.000250699100675074,-3.0190206418223773
3.197999999999759,2.3068506040978867,-13.935580413170522,-0.000250699100675074,-3.0190206418223773
3.1989999999997587,2.2929150236847162,-13.947126798803131,-0.000250699100675074,-3.0190206418223773
3.1999999999997586,2.2789678968859133,-13.958676076244853,-0.000250699100675074,-3.0190206418223773
3.2009999999997585,2.2650092208096684,-13.970228248615875,-0.000250699100675074,-3.0190206418223773
3.2019999999997584,2.2510389925610523,-13.981783319038968,-0.000250699100675074,-3.0190206418223773
3.2029999999997583,2.2370572092420136,-13.993341290639485,-0.000250699100675074,-3.0190206418223773
3.203999999999758,2.223063867951374,-14.004902166545374,-0.000250699100675074,-3.0190206418223773
3.204999999999758,2.2090589657848287,-14.016465949887177,-0.000250699100675074,-3.0190206418223773
3.205999999999758,2.1950424998349414,-14.028032643798031,-0.000250699100675074,-3.0190206418223773
3.206999999999758,2.1810144671911433,-14.039602251413678,-0.000250699100675074,-3.0190206418223773
3.2079999999997577,2.16697486493973,-14.051174775872461,-0.000250699100675074,-3.0190206418223773
3.2089999999997576,2.1529236901638575,-14.062750220315337,-0.000250699100675074,-3.0190206418223773
3.2099999999997575,2.1388609399435423,-14.074328587885871,-0.000250699100675074,-3.0190206418223773
3.2109999999997574,2.1247866113556566,-14.085909881730247,-0.000250699100675074,-3.0190206418223773
3.2119999999997573,2.1107007014739265,-14.097494104997269,-0.000250699100675074,-3.0190206418223773
3.212999999999757,2.096603207368929,-14.109081260838364,-0.000250699100675074,-3.0190206418223773
3.213999999999757,2.0824941261080907,-14.120671352407587,-0.000250699100675074,-3.0190206418223773
3.214999999999757,2.068373454755683,-14.132264382861626,-0.000250699100675074,-3.0190206418223773
3.215999999999757,2.0542411903728217,-14.143860355359804,-0.000250699100675074,-3.0190206418223773
3.2169999999997567,2.040097330017462,-14.155459273064078,-0.000250699100675074,-3.0190206418223773
3.2179999999997566,2.025941870744398,-14.167061139139056,-0.000250699100675074,-3.0190206418223773
3.2189999999997565,2.011774809605259,-14.178665956751985,-0.000250699100675074,-3.0190206418223773
3.2199999999997564,1.9975961436485068,-14.190273729072766,-0.000250699100675074,-3.0190206418223773
3.2209999999997563,1.9834058699194341,-14.201884459273954,-0.000250699100675074,-3.0190206418223773
3.221999999999756,1.9692039854601602,-14.21349815053076,-0.000250699100675074,-3.0190206418223773
3.222999999999756,1.9549904873096293,-14.22511480602106,-0.000250699100675074,-3.0190206418223773
3.223999999999756,1.9407653725036083,-14.23673442892539,-0.000250699100675074,-3.0190206418223773
3.224999999999756,1.9265286380746829,-14.248357022426962,-0.000250699100675074,-3.0190206418223773
3.2259999999997557,1.912280281052256,-14.259982589711656,-0.000250699100675074,-3.0190206418223773
3.2269999999997556,1.8980202984625443,-14.271611133968031,-0.000250699100675074,-3.0190206418223773
3.2279999999997555,1.8837486873285763,-14.283242658387326,-0.000250699100675074,-3.0190206418223773
3.2289999999997554,1.8694654446701888,-14.294877166163465,-0.000250699100675074,-3.0190206418223773
3.2299999999997553,1.8551705675040253,-14.30651466049306,-0.000250699100675074,-3.0190206418223773
3.230999999999755,1.8408640528435323,-14.318155144575414,-0.000250699100675074,-3.0190206418223773
3.231999999999755,1.8265458976989568,-14.32979862161253,-0.000250699100675074,-3.0190206418223773
3.232999999999755,1.8122160990773444,-14.341445094809108,-0.000250699100675074,-3.0190206418223773
3.233999999999755,1.7978746539825352,-14.353094567372551,-0.000250699100675074,-3.0190206418223773
3.2349999999997547,1.7835215594151625,-14.364747042512972,-0.000250699100675074,-3.0190206418223773
3.2359999999997546,1.7691568123726495,-14.376402523443193,-0.000250699100675074,-3.0190206418223773
3.2369999999997545,1.7547804098492064,-14.388061013378753,-0.000250699100675074,-3.0190206418223773
3.2379999999997544,1.7403923488358275,-14.39972251553791,-0.000250699100675074,-3.0190206418223773
3.2389999999997543,1.7259926263202896,-14.411387033141645,-0.000250699100675074,-3.0190206418223773
3.239999999999754,1.711581239287148,-14.423054569413667,-0.000250699100675074,-3.0190206418223773
3.240999999999754,1.6971581847177342,-14.434725127580414,-0.000250699100675074,-3.0190206418223773
3.241999999999754,1.6827234595901537,-14.44639871087106,-0.000250699100675074,-3.0190206418223773
3.242999999999754,1.6682770608792825,-14.45807532251752,-0.000250699100675074,-3.0190206418223773
3.2439999999997537,1.653818985556765,-14.469754965754445,-0.000250699100675074,-3.0190206418223773
3.2449999999997536,1.6393492305910107,-14.48143764381924,-0.000250699100675074,-3.0190206418223773
3.2459999999997535,1.6248677929471915,-14.493123359952055,-0.000250699100675074,-3.0190206418223773
3.2469999999997534,1.6103746695872394,-14.5048121173958,-0.000250699100675074,-3.0190206418223773
3.2479999999997533,1.5958698574698436,-14.516503919396136,-0.000250699100675074,-3.0190206418223773
3.248999999999753,1.5813533535504474,-14.528198769201493,-0.000250699100675074,-3.0190206418223773
3.249999999999753,1.566825154781246,-14.539896670063065,-0.000250699100675074,-3.0190206418223773
3.250999999999753,1.5522852581111828,-14.551597625234814,-0.000250699100675074,-3.0190206418223773
3.251999999999753,1.537733660485948,-14.56330163797348,-0.000250699100675074,-3.0190206418223773
3.2529999999997528,1.5231703588479744,-14.575008711538578,-0.000250699100675074,-3.0190206418223773
3.2539999999997526,1.5085953501364358,-14.586718849192406,-0.000250699100675074,-3.0190206418223773
3.2549999999997525,1.4940086312872434,-14.59843205420005,-0.000250699100675074,-3.0190206418223773
3.2559999999997524,1.4794101992330433,-14.610148329829382,-0.000250699100675074,-3.0190206418223773
3.2569999999997523,1.464800050903214,-14.621867679351071,-0.000250699100675074,-3.0190206418223773
3.257999999999752,1.450178183223863,-14.633590106038584,-0.000250699100675074,-3.0190206418223773
3.258999999999752,1.4355445931178243,-14.64531561316819,-0.000250699100675074,-3.0190206418223773
3.259999999999752,1.420899277504656,-14.657044204018963,-0.000250699100675074,-3.0190206418223773
3.260999999999752,1.406242233300637,-14.668775881872786,-0.000250699100675074,-3.0190206418223773
3.2619999999997518,1.3915734574187641,-14.680510650014359,-0.000250699100675074,-3.0190206418223773
3.2629999999997517,1.3768929467687498,-14.692248511731199,-0.000250699100675074,-3.0190206418223773
3.2639999999997515,1.3622006982570187,-14.703989470313644,-0.000250699100675074,-3.0190206418223773
3.2649999999997514,1.3474967087867051,-14.715733529054859,-0.000250699100675074,-3.0190206418223773
3.2659999999997513,1.3327809752576503,-14.727480691250838,-0.000250699100675074,-3.0190206418223773
3.266999999999751,1.3180534945663995,-14.739230960200413,-0.000250699100675074,-3.0190206418223773
3.267999999999751,1.3033142636061992,-14.75098433920525,-0.000250699100675074,-3.0190206418223773
3.268999999999751,1.2885632792669939,-14.762740831569857,-0.000250699100675074,-3.0190206418223773
3.269999999999751,1.273800538435424,-14.774500440601594,-0.000250699100675074,-3.0190206418223773
3.2709999999997508,1.2590260379948224,-14.786263169610665,-0.000250699100675074,-3.0190206418223773
3.2719999999997507,1.2442397748252116,-14.798029021910134,-0.000250699100675074,-3.0190206418223773
3.2729999999997506,1.2294417458033016,-14.809798000815919,-0.000250699100675074,-3.0190206418223773
3.2739999999997504,1.2146319478024856,-14.821570109646803,-0.000250699100675074,-3.0190206418223773
3.2749999999997503,1.1998103776928388,-14.833345351724436,-0.000250699100675074,-3.0190206418223773
3.2759999999997502,1.1849770323411144,-14.845123730373338,-0.000250699100675074,-3.0190206418223773
3.27699999999975,1.1701319086107411,-14.856905248920905,-0.000250699100675074,-3.0190206418223773
3.27799999999975,1.1552750033618202,-14.868689910697409,-0.000250699100675074,-3.0190206418223773
3.27899999999975,1.1404063134511229,-14.88047771903601,-0.000250699100675074,-3.0190206418223773
3.27999999999975,1.1255258357320868,-14.892268677272755,-0.000250699100675074,-3.0190206418223773
3.2809999999997497,1.110633567054814,-14.904062788746577,-0.000250699100675074,-3.0190206418223773
3.2819999999997496,1.0957295042660673,-14.91586005679931,-0.000250699100675074,-3.0190206418223773
3.2829999999997495,1.080813644209268,-14.927660484775686,-0.000250699100675074,-3.0190206418223773
3.2839999999997493,1.0658859837244923,-14.93946407602334,-0.000250699100675074,-3.0190206418223773
3.2849999999997492,1.0509465196484689,-14.951270833892817,-0.000250699100675074,-3.0190206418223773
3.285999999999749,1.035995248814576,-14.963080761737574,-0.000250699100675074,-3.0190206418223773
3.286999999999749,1.0210321680528385,-14.974893862913982,-0.000250699100675074,-3.0190206418223773
3.287999999999749,1.0060572741899245,-14.986710140781334,-0.000250699100675074,-3.0190206418223773
3.288999999999749,0.9910705640491432,-14.998529598701849,-0.000250699100675074,-3.0190206418223773
3.2899999999997487,0.9760720344504413,-15.010352240040673,-0.000250699100675074,-3.0190206418223773
3.2909999999997486,0.9610616822104007,-15.022178068165887,-0.000250699100675074,-3.0190206418223773
3.2919999999997485,0.9460395041422348,-15.034007086448508,-0.000250699100675074,-3.0190206418223773
3.2929999999997484,0.9310054970557863,-15.045839298262495,-0.000250699100675074,-3.0190206418223773
3.2939999999997482,0.9159596577575237,-15.05767470698475,-0.000250699100675074,-3.0190206418223773
3.294999999999748,0.900901983050539,-15.069513315995131,-0.000250699100675074,-3.0190206418223773
3.295999999999748,0.8858324697345439,-15.081355128676444,-0.000250699100675074,-3.0190206418223773
3.296999999999748,0.8707511146058674,-15.093200148414457,-0.000250699100675074,-3.0190206418223773
3.297999999999748,0.855657914457453,-15.1050483785979,-0.000250699100675074,-3.0190206418223773
3.2989999999997477,0.840552866078855,-15.11689982261847,-0.000250699100675074,-3.0190206418223773
3.2999999999997476,0.8254359662562366,-15.128754483870832,-0.000250699100675074,-3.0190206418223773
3.3009999999997475,0.8103072117723658,-15.140612365752633,-0.000250699100675074,-3.0190206418223773
3.3019999999997474,0.7951665994066132,-15.152473471664491,-0.000250699100675074,-3.0190206418223773
3.3029999999997472,0.7800141259349487,-15.164337805010016,-0.000250699100675074,-3.0190206418223773
3.303999999999747,0.7648497881299386,-15.1762053691958,-0.000250699100675074,-3.0190206418223773
3.304999999999747,0.7496735827607428,-15.188076167631433,-0.000250699100675074,-3.0190206418223773
3.305999999999747,0.7344855065931114,-15.199950203729495,-0.000250699100675074,-3.0190206418223773
3.306999999999747,0.7192855563893819,-15.211827480905573,-0.000250699100675074,-3.0190206418223773
3.3079999999997467,0.7040737289084763,-15.223708002578256,-0.000250699100675074,-3.0190206418223773
3.3089999999997466,0.6888500209058981,-15.235591772169146,-0.000250699100675074,-3.0190206418223773
3.3099999999997465,0.6736144291337289,-15.247478793102854,-0.000250699100675074,-3.0190206418223773
3.3109999999997464,0.6583669503406261,-15.259369068807011,-0.000250699100675074,-3.0190206418223773
3.3119999999997463,0.6431075812718191,-15.271262602712275,-0.000250699100675074,-3.0190206418223773
3.312999999999746,0.6278363186691068,-15.283159398252323,-0.000250699100675074,-3.0190206418223773
3.313999999999746,0.6125531592708545,-15.29505945886387,-0.000250699100675074,-3.0190206418223773
3.314999999999746,0.5972580998119906,-15.306962787986663,-0.000250699100675074,-3.0190206418223773
3.315999999999746,0.5819511370240039,-15.31886938906349,-0.000250699100675074,-3.0190206418223773
3.3169999999997457,0.5666322676349405,-15.330779265540185,-0.000250699100675074,-3.0190206418223773
3.3179999999997456,0.5513014883694003,-15.342692420865626,-0.000250699100675074,-3.0190206418223773
3.3189999999997455,0.5359587959485347,-15.354608858491748,-0.000250699100675074,-3.0190206418223773
3.3199999999997454,0.520604187090043,-15.366528581873542,-0.000250699100675074,-3.0190206418223773
3.3209999999997453,0.5052376585081694,-15.37845159446906,-0.000250699100675074,-3.0190206418223773
3.321999999999745,0.48985920691370033,-15.390377899739422,-0.000250699100675074,-3.0190206418223773
3.322999999999745,0.4744688290139609,-15.402307501148815,-0.000250699100675074,-3.0190206418223773
3.323999999999745,0.45906652151281213,-15.414240402164507,-0.000250699100675074,-3.0190206418223773
3.324999999999745,0.44365228111064764,-15.42617660625684,-0.000250699100675074,-3.0190206418223773
3.3259999999997447,0.4282261045043908,-15.438116116899241,-0.000250699100675074,-3.0190206418223773
3.3269999999997446,0.41278798838749153,-15.450058937568226,-0.000250699100675074,-3.0190206418223773
3.3279999999997445,0.3973379294499233,-15.462005071743404,-0.000250699100675074,-3.0190206418223773
3.3289999999997444,0.3818759243781799,-15.473954522907478,-0.000250699100675074,-3.0190206418223773
3.3299999999997443,0.3664019698552724,-15.485907294546255,-0.000250699100675074,-3.0190206418223773
3.330999999999744,0.35091606256072616,-15.497863390148648,-0.000250699100675074,-3.0190206418223773
3.331999999999744,0.3354181991705775,-15.50982281320668,-0.000250699100675074,-3.0190206418223773
3.332999999999744,0.31990837635737085,-15.52178556721549,-0.000250699100675074,-3.0190206418223773
3.333999999999744,0.30438659079015534,-15.533751655673333,-0.000250699100675074,-3.0190206418223773
3.3349999999997437,0.288852839134482,-15.545721082081592,-0.000250699100675074,-3.0190206418223773
3.3359999999997436,0.27330711805240043,-15.557693849944773,-0.000250699100675074,-3.0190206418223773
3.3369999999997435,0.25774942420245567,-15.569669962770519,-0.000250699100675074,-3.0190206418223773
3.3379999999997434,0.24217975423968516,-15.581649424069608,-0.000250699100675074,-3.0190206418223773
3.3389999999997433,0.22659810481561554,-15.593632237355962,-0.000250699100675074,-3.0190206418223773
3.339999999999743,0.21100447257825958,-15.605618406146647,-0.000250699100675074,-3.0190206418223773
3.340999999999743,0.19539885417211292,-15.61760793396188,-0.000250699100675074,-3.0190206418223773
3.341999999999743,0.17978124623815103,-15.629600824325035,-0.000250699100675074,-3.0190206418223773
3.342999999999743,0.164151645413826,-15.641597080762644,-0.000250699100675074,-3.0190206418223773
3.3439999999997427,0.14851004833306333,-15.653596706804402,-0.000250699100675074,-3.0190206418223773
3.3449999999997426,0.13285645162625892,-15.665599705983176,-0.000250699100675074,-3.0190206418223773
3.3459999999997425,0.11719085192027574,-15.677606081835005,-0.000250699100675074,-3.0190206418223773
3.3469999999997424,0.10151324583844074,-15.689615837899108,-0.000250699100675074,-3.0190206418223773
3.3479999999997423,0.08582363000054163,-15.701628977717881,-0.000250699100675074,-3.0190206418223773
3.348999999999742,0.07012200102282376,-15.713645504836913,-0.000250699100675074,-3.0190206418223773
3.349999999999742,0.054408355517986846,-15.725665422804981,-0.000250699100675074,-3.0190206418223773
3.350999999999742,0.03868269009518187,-15.73768873517406,-0.000250699100675074,-3.0190206418223773
3.351999999999742,0.022945001360007808,-15.749715445499325,-0.000250699100675074,-3.0190206418223773
3.3529999999997417,0.007195285914508482,-15.761745557339156,-0.000250699100675074,-3.0190206418223773
3.3539999999997416,-0.008566459642830673,-15.773779074255144,-0.000250699100675074,-3.0190206418223773
